<?xml version="1.0" encoding="UTF-8"?>
<export version="E">
  <design>
    <source>C:\Users\gheys\OneDrive - KU Leuven\Documents\GitHub\Central\PCB_Design\Central_pcb\Central_pcb.kicad_sch</source>
    <date>10/11/2023 13:57:11</date>
    <tool>Eeschema (7.0.0)</tool>
    <sheet number="1" name="/" tstamps="/">
      <title_block>
        <title/>
        <company/>
        <rev/>
        <date/>
        <source>Central_pcb.kicad_sch</source>
        <comment number="1" value=""/>
        <comment number="2" value=""/>
        <comment number="3" value=""/>
        <comment number="4" value=""/>
        <comment number="5" value=""/>
        <comment number="6" value=""/>
        <comment number="7" value=""/>
        <comment number="8" value=""/>
        <comment number="9" value=""/>
      </title_block>
    </sheet>
    <sheet number="2" name="/Power/" tstamps="/3414a10a-973a-4a85-bec5-f896220b0f20/">
      <title_block>
        <title/>
        <company/>
        <rev/>
        <date/>
        <source>Power_sch.kicad_sch</source>
        <comment number="1" value=""/>
        <comment number="2" value=""/>
        <comment number="3" value=""/>
        <comment number="4" value=""/>
        <comment number="5" value=""/>
        <comment number="6" value=""/>
        <comment number="7" value=""/>
        <comment number="8" value=""/>
        <comment number="9" value=""/>
      </title_block>
    </sheet>
    <sheet number="3" name="/BC660/" tstamps="/a01f4f1b-67d6-4452-bfd1-ae36b9ad65e8/">
      <title_block>
        <title/>
        <company/>
        <rev/>
        <date/>
        <source>BC660.kicad_sch</source>
        <comment number="1" value=""/>
        <comment number="2" value=""/>
        <comment number="3" value=""/>
        <comment number="4" value=""/>
        <comment number="5" value=""/>
        <comment number="6" value=""/>
        <comment number="7" value=""/>
        <comment number="8" value=""/>
        <comment number="9" value=""/>
      </title_block>
    </sheet>
  </design>
  <components>
    <comp ref="C1">
      <value>12pF</value>
      <footprint>Capacitor_SMD:C_0805_2012Metric_Pad1.18x1.45mm_HandSolder</footprint>
      <libsource lib="Device" part="C" description="Unpolarized capacitor"/>
      <property name="Sheetname" value=""/>
      <property name="Sheetfile" value="Central_pcb.kicad_sch"/>
      <property name="ki_description" value="Unpolarized capacitor"/>
      <property name="ki_keywords" value="cap capacitor"/>
      <sheetpath names="/" tstamps="/"/>
      <tstamps>97ba8354-7993-4415-abd1-2c765240175b</tstamps>
    </comp>
    <comp ref="C2">
      <value>12pF</value>
      <footprint>Capacitor_SMD:C_0805_2012Metric_Pad1.18x1.45mm_HandSolder</footprint>
      <libsource lib="Device" part="C" description="Unpolarized capacitor"/>
      <property name="Sheetname" value=""/>
      <property name="Sheetfile" value="Central_pcb.kicad_sch"/>
      <property name="ki_description" value="Unpolarized capacitor"/>
      <property name="ki_keywords" value="cap capacitor"/>
      <sheetpath names="/" tstamps="/"/>
      <tstamps>a8001e9c-063a-4990-b70e-8bf263c753a8</tstamps>
    </comp>
    <comp ref="C3">
      <value>0.8p</value>
      <footprint>Capacitor_SMD:C_0805_2012Metric_Pad1.18x1.45mm_HandSolder</footprint>
      <libsource lib="Device" part="C" description="Unpolarized capacitor"/>
      <property name="Sheetname" value=""/>
      <property name="Sheetfile" value="Central_pcb.kicad_sch"/>
      <property name="ki_description" value="Unpolarized capacitor"/>
      <property name="ki_keywords" value="cap capacitor"/>
      <sheetpath names="/" tstamps="/"/>
      <tstamps>972f7bd1-4f6f-4ec6-87b3-a39851009e3d</tstamps>
    </comp>
    <comp ref="C4">
      <value>100n</value>
      <footprint>Capacitor_SMD:C_0805_2012Metric_Pad1.18x1.45mm_HandSolder</footprint>
      <libsource lib="Device" part="C" description="Unpolarized capacitor"/>
      <property name="Sheetname" value=""/>
      <property name="Sheetfile" value="Central_pcb.kicad_sch"/>
      <property name="ki_description" value="Unpolarized capacitor"/>
      <property name="ki_keywords" value="cap capacitor"/>
      <sheetpath names="/" tstamps="/"/>
      <tstamps>a4d3deae-1b43-4c4c-ad3d-46a7c8f3c197</tstamps>
    </comp>
    <comp ref="C5">
      <value>1u</value>
      <footprint>Capacitor_SMD:C_0805_2012Metric_Pad1.18x1.45mm_HandSolder</footprint>
      <libsource lib="Device" part="C" description="Unpolarized capacitor"/>
      <property name="Sheetname" value=""/>
      <property name="Sheetfile" value="Central_pcb.kicad_sch"/>
      <property name="ki_description" value="Unpolarized capacitor"/>
      <property name="ki_keywords" value="cap capacitor"/>
      <sheetpath names="/" tstamps="/"/>
      <tstamps>fbc97d63-b61b-4783-99e5-397bc20e44a3</tstamps>
    </comp>
    <comp ref="C6">
      <value>100p</value>
      <footprint>Capacitor_SMD:C_0805_2012Metric_Pad1.18x1.45mm_HandSolder</footprint>
      <libsource lib="Device" part="C" description="Unpolarized capacitor"/>
      <property name="Sheetname" value=""/>
      <property name="Sheetfile" value="Central_pcb.kicad_sch"/>
      <property name="ki_description" value="Unpolarized capacitor"/>
      <property name="ki_keywords" value="cap capacitor"/>
      <sheetpath names="/" tstamps="/"/>
      <tstamps>1201503f-a534-4f9e-bc81-0a656f5b92b3</tstamps>
    </comp>
    <comp ref="C7">
      <value>4.7u</value>
      <footprint>Capacitor_SMD:C_0805_2012Metric_Pad1.18x1.45mm_HandSolder</footprint>
      <libsource lib="Device" part="C" description="Unpolarized capacitor"/>
      <property name="Sheetname" value=""/>
      <property name="Sheetfile" value="Central_pcb.kicad_sch"/>
      <property name="ki_description" value="Unpolarized capacitor"/>
      <property name="ki_keywords" value="cap capacitor"/>
      <sheetpath names="/" tstamps="/"/>
      <tstamps>e67904e0-3619-4a8c-9b8f-20d2d1b6aff0</tstamps>
    </comp>
    <comp ref="C8">
      <value>100n</value>
      <footprint>Capacitor_SMD:C_0805_2012Metric_Pad1.18x1.45mm_HandSolder</footprint>
      <libsource lib="Device" part="C" description="Unpolarized capacitor"/>
      <property name="Sheetname" value=""/>
      <property name="Sheetfile" value="Central_pcb.kicad_sch"/>
      <property name="ki_description" value="Unpolarized capacitor"/>
      <property name="ki_keywords" value="cap capacitor"/>
      <sheetpath names="/" tstamps="/"/>
      <tstamps>ed1a2025-2d61-43c5-9234-950a7d887953</tstamps>
    </comp>
    <comp ref="C9">
      <value>100n</value>
      <footprint>Capacitor_SMD:C_0805_2012Metric_Pad1.18x1.45mm_HandSolder</footprint>
      <libsource lib="Device" part="C" description="Unpolarized capacitor"/>
      <property name="Sheetname" value=""/>
      <property name="Sheetfile" value="Central_pcb.kicad_sch"/>
      <property name="ki_description" value="Unpolarized capacitor"/>
      <property name="ki_keywords" value="cap capacitor"/>
      <sheetpath names="/" tstamps="/"/>
      <tstamps>b6c9f7d4-dfaf-42d8-8184-31cc53769add</tstamps>
    </comp>
    <comp ref="J1">
      <value>Conn_ARM_JTAG_SWD_10</value>
      <footprint>Connector_PinSocket_1.27mm:PinSocket_2x05_P1.27mm_Vertical</footprint>
      <datasheet>http://infocenter.arm.com/help/topic/com.arm.doc.ddi0314h/DDI0314H_coresight_components_trm.pdf</datasheet>
      <libsource lib="Connector" part="Conn_ARM_JTAG_SWD_10" description="Cortex Debug Connector, standard ARM Cortex-M SWD and JTAG interface"/>
      <property name="Sheetname" value=""/>
      <property name="Sheetfile" value="Central_pcb.kicad_sch"/>
      <property name="ki_description" value="Cortex Debug Connector, standard ARM Cortex-M SWD and JTAG interface"/>
      <property name="ki_keywords" value="Cortex Debug Connector ARM SWD JTAG"/>
      <sheetpath names="/" tstamps="/"/>
      <tstamps>a0847a33-04ae-41b5-a6a9-a4f4014846b1</tstamps>
    </comp>
    <comp ref="L1">
      <value>3.9n</value>
      <footprint>Capacitor_SMD:C_0402_1005Metric_Pad0.74x0.62mm_HandSolder</footprint>
      <libsource lib="Device" part="L" description="Inductor"/>
      <property name="Sheetname" value=""/>
      <property name="Sheetfile" value="Central_pcb.kicad_sch"/>
      <property name="ki_description" value="Inductor"/>
      <property name="ki_keywords" value="inductor choke coil reactor magnetic"/>
      <sheetpath names="/" tstamps="/"/>
      <tstamps>602cb780-afd9-4855-80d1-d16935945622</tstamps>
    </comp>
    <comp ref="U1">
      <value>NRF52832-QFAA-R</value>
      <footprint>Central:QFN40P600X600X90-49N</footprint>
      <fields>
        <field name="Availability">In Stock</field>
        <field name="Check_prices">https://www.snapeda.com/parts/NRF52832-QFAA-R/Nordic+Semiconductor+ASA/view-part/?ref=eda</field>
        <field name="Description">
IC RF TxRx + MCU Bluetooth, General ISM &gt; 1GHz ANT, Bluetooth v5.0 2.4GHz 48-VFQFN Exposed Pad
</field>
        <field name="MANUFACTURER">Nordic Semiconductor</field>
        <field name="MF">Nordic</field>
        <field name="MP">NRF52832-QFAA-R</field>
        <field name="Package">VFQFN-48 Nordic Semiconductor</field>
        <field name="Price">None</field>
        <field name="Purchase-URL">https://www.snapeda.com/api/url_track_click_mouser/?unipart_id=279951&amp;manufacturer=Nordic&amp;part_name=NRF52832-QFAA-R&amp;search_term=None</field>
        <field name="SnapEDA_Link">https://www.snapeda.com/parts/NRF52832-QFAA-R/Nordic+Semiconductor+ASA/view-part/?ref=snap</field>
      </fields>
      <libsource lib="NRF52832-QFAA-R" part="NRF52832-QFAA-R" description=""/>
      <property name="MF" value="Nordic"/>
      <property name="Description" value="&#xA;IC RF TxRx + MCU Bluetooth, General ISM &gt; 1GHz ANT, Bluetooth v5.0 2.4GHz 48-VFQFN Exposed Pad&#xA;"/>
      <property name="Package" value="VFQFN-48 Nordic Semiconductor"/>
      <property name="Price" value="None"/>
      <property name="Check_prices" value="https://www.snapeda.com/parts/NRF52832-QFAA-R/Nordic+Semiconductor+ASA/view-part/?ref=eda"/>
      <property name="SnapEDA_Link" value="https://www.snapeda.com/parts/NRF52832-QFAA-R/Nordic+Semiconductor+ASA/view-part/?ref=snap"/>
      <property name="MP" value="NRF52832-QFAA-R"/>
      <property name="Purchase-URL" value="https://www.snapeda.com/api/url_track_click_mouser/?unipart_id=279951&amp;manufacturer=Nordic&amp;part_name=NRF52832-QFAA-R&amp;search_term=None"/>
      <property name="Availability" value="In Stock"/>
      <property name="MANUFACTURER" value="Nordic Semiconductor"/>
      <property name="Sheetname" value=""/>
      <property name="Sheetfile" value="Central_pcb.kicad_sch"/>
      <sheetpath names="/" tstamps="/"/>
      <tstamps>45036f03-5a8d-4e6c-9588-fba4a65ed66d</tstamps>
    </comp>
    <comp ref="Y1">
      <value>CX2016DB32000D0WZRC1</value>
      <footprint>Central:OSCCC200X160X45N</footprint>
      <fields>
        <field name="Availability">In Stock</field>
        <field name="Check_prices">https://www.snapeda.com/parts/CX2016DB32000D0WZRC1/AVX/view-part/?ref=eda</field>
        <field name="Description">
Crystal 32MHz ±40ppm (Tol) ±40ppm (Stability) 8pF FUND 50Ohm 4-Pin SMD T/R
</field>
        <field name="MF">AVX</field>
        <field name="MP">CX2016DB32000D0WZRC1</field>
        <field name="PARTREV">00</field>
        <field name="Package">None</field>
        <field name="Price">None</field>
        <field name="Purchase-URL">https://www.snapeda.com/api/url_track_click_mouser/?unipart_id=4833111&amp;manufacturer=AVX&amp;part_name=CX2016DB32000D0WZRC1&amp;search_term=cx2016db32000d0wzrc1</field>
        <field name="STANDARD">IPC-7351B</field>
        <field name="SnapEDA_Link">https://www.snapeda.com/parts/CX2016DB32000D0WZRC1/AVX/view-part/?ref=snap</field>
      </fields>
      <libsource lib="32Mhz crystal" part="CX2016DB32000D0WZRC1" description=""/>
      <property name="MF" value="AVX"/>
      <property name="Description" value="&#xA;Crystal 32MHz ±40ppm (Tol) ±40ppm (Stability) 8pF FUND 50Ohm 4-Pin SMD T/R&#xA;"/>
      <property name="Package" value="None"/>
      <property name="Price" value="None"/>
      <property name="STANDARD" value="IPC-7351B"/>
      <property name="PARTREV" value="00"/>
      <property name="SnapEDA_Link" value="https://www.snapeda.com/parts/CX2016DB32000D0WZRC1/AVX/view-part/?ref=snap"/>
      <property name="MP" value="CX2016DB32000D0WZRC1"/>
      <property name="Purchase-URL" value="https://www.snapeda.com/api/url_track_click_mouser/?unipart_id=4833111&amp;manufacturer=AVX&amp;part_name=CX2016DB32000D0WZRC1&amp;search_term=cx2016db32000d0wzrc1"/>
      <property name="Availability" value="In Stock"/>
      <property name="Check_prices" value="https://www.snapeda.com/parts/CX2016DB32000D0WZRC1/AVX/view-part/?ref=eda"/>
      <property name="Sheetname" value=""/>
      <property name="Sheetfile" value="Central_pcb.kicad_sch"/>
      <sheetpath names="/" tstamps="/"/>
      <tstamps>ae53c3e7-3603-434f-a2a8-e90c639a0e8e</tstamps>
    </comp>
    <comp ref="BT1">
      <value>1049</value>
      <footprint>Central:BAT_1049</footprint>
      <fields>
        <field name="Availability">Not in stock</field>
        <field name="Check_prices">https://www.snapeda.com/parts/1049/Keystone+Electronics/view-part/?ref=eda</field>
        <field name="Description">
THM Holder for Dual 18650 Batteries
</field>
        <field name="MANUFACTURER">Keystone</field>
        <field name="MAXIMUM_PACKAGE_HEIGHT">15.1mm</field>
        <field name="MF">Keystone Electronics</field>
        <field name="MP">1049</field>
        <field name="PARTREV">F</field>
        <field name="Package">None</field>
        <field name="Price">None</field>
        <field name="SNAPEDA_PN">109</field>
        <field name="STANDARD">Manufacturer Recommendations</field>
        <field name="SnapEDA_Link">https://www.snapeda.com/parts/1049/Keystone+Electronics/view-part/?ref=snap</field>
      </fields>
      <libsource lib="1049P" part="1049" description=""/>
      <property name="MF" value="Keystone Electronics"/>
      <property name="MAXIMUM_PACKAGE_HEIGHT" value="15.1mm"/>
      <property name="Package" value="None"/>
      <property name="Price" value="None"/>
      <property name="Check_prices" value="https://www.snapeda.com/parts/1049/Keystone+Electronics/view-part/?ref=eda"/>
      <property name="STANDARD" value="Manufacturer Recommendations"/>
      <property name="PARTREV" value="F"/>
      <property name="SnapEDA_Link" value="https://www.snapeda.com/parts/1049/Keystone+Electronics/view-part/?ref=snap"/>
      <property name="MP" value="1049"/>
      <property name="Description" value="&#xA;THM Holder for Dual 18650 Batteries&#xA;"/>
      <property name="MANUFACTURER" value="Keystone"/>
      <property name="Availability" value="Not in stock"/>
      <property name="SNAPEDA_PN" value="109"/>
      <property name="Sheetname" value="Power"/>
      <property name="Sheetfile" value="Power_sch.kicad_sch"/>
      <sheetpath names="/Power/" tstamps="/3414a10a-973a-4a85-bec5-f896220b0f20/"/>
      <tstamps>5d3b6ceb-e992-4a85-a65c-b2d7e2b04d56</tstamps>
    </comp>
    <comp ref="C10">
      <value>1µ</value>
      <footprint>Capacitor_SMD:C_0805_2012Metric_Pad1.18x1.45mm_HandSolder</footprint>
      <libsource lib="Device" part="C" description="Unpolarized capacitor"/>
      <property name="Sheetname" value="Power"/>
      <property name="Sheetfile" value="Power_sch.kicad_sch"/>
      <property name="ki_description" value="Unpolarized capacitor"/>
      <property name="ki_keywords" value="cap capacitor"/>
      <sheetpath names="/Power/" tstamps="/3414a10a-973a-4a85-bec5-f896220b0f20/"/>
      <tstamps>b75de809-bc7d-4531-b9a4-bfcfbaf74f9f</tstamps>
    </comp>
    <comp ref="C11">
      <value>1µ</value>
      <footprint>Capacitor_SMD:C_0805_2012Metric_Pad1.18x1.45mm_HandSolder</footprint>
      <libsource lib="Device" part="C" description="Unpolarized capacitor"/>
      <property name="Sheetname" value="Power"/>
      <property name="Sheetfile" value="Power_sch.kicad_sch"/>
      <property name="ki_description" value="Unpolarized capacitor"/>
      <property name="ki_keywords" value="cap capacitor"/>
      <sheetpath names="/Power/" tstamps="/3414a10a-973a-4a85-bec5-f896220b0f20/"/>
      <tstamps>c3718a59-67d1-43aa-806e-83cda2207fca</tstamps>
    </comp>
    <comp ref="C12">
      <value>100n</value>
      <footprint>Capacitor_SMD:C_0805_2012Metric_Pad1.18x1.45mm_HandSolder</footprint>
      <libsource lib="Device" part="C" description="Unpolarized capacitor"/>
      <property name="Sheetname" value="Power"/>
      <property name="Sheetfile" value="Power_sch.kicad_sch"/>
      <property name="ki_description" value="Unpolarized capacitor"/>
      <property name="ki_keywords" value="cap capacitor"/>
      <sheetpath names="/Power/" tstamps="/3414a10a-973a-4a85-bec5-f896220b0f20/"/>
      <tstamps>723ad691-d2da-4326-bea7-a49da3a35605</tstamps>
    </comp>
    <comp ref="C13">
      <value>10u</value>
      <footprint>Capacitor_SMD:C_0805_2012Metric_Pad1.18x1.45mm_HandSolder</footprint>
      <libsource lib="Device" part="C" description="Unpolarized capacitor"/>
      <property name="Sheetname" value="Power"/>
      <property name="Sheetfile" value="Power_sch.kicad_sch"/>
      <property name="ki_description" value="Unpolarized capacitor"/>
      <property name="ki_keywords" value="cap capacitor"/>
      <sheetpath names="/Power/" tstamps="/3414a10a-973a-4a85-bec5-f896220b0f20/"/>
      <tstamps>0ba98b1d-006e-4258-b669-bac1a54f0ce1</tstamps>
    </comp>
    <comp ref="D1">
      <value>STAT1</value>
      <footprint>LED_SMD:LED_0805_2012Metric_Pad1.15x1.40mm_HandSolder</footprint>
      <libsource lib="Device" part="LED" description="Light emitting diode"/>
      <property name="Sheetname" value="Power"/>
      <property name="Sheetfile" value="Power_sch.kicad_sch"/>
      <property name="ki_description" value="Light emitting diode"/>
      <property name="ki_keywords" value="LED diode"/>
      <sheetpath names="/Power/" tstamps="/3414a10a-973a-4a85-bec5-f896220b0f20/"/>
      <tstamps>9c1b8a34-81e7-485c-a87f-01d302916817</tstamps>
    </comp>
    <comp ref="D2">
      <value>STAT2</value>
      <footprint>LED_SMD:LED_0805_2012Metric_Pad1.15x1.40mm_HandSolder</footprint>
      <libsource lib="Device" part="LED" description="Light emitting diode"/>
      <property name="Sheetname" value="Power"/>
      <property name="Sheetfile" value="Power_sch.kicad_sch"/>
      <property name="ki_description" value="Light emitting diode"/>
      <property name="ki_keywords" value="LED diode"/>
      <sheetpath names="/Power/" tstamps="/3414a10a-973a-4a85-bec5-f896220b0f20/"/>
      <tstamps>271b5a66-feda-4e87-a1cf-1583c0d6d812</tstamps>
    </comp>
    <comp ref="J2">
      <value>Barrel_Jack</value>
      <footprint>Connector_BarrelJack:BarrelJack_GCT_DCJ200-10-A_Horizontal</footprint>
      <libsource lib="Connector" part="Barrel_Jack" description="DC Barrel Jack"/>
      <property name="Sheetname" value="Power"/>
      <property name="Sheetfile" value="Power_sch.kicad_sch"/>
      <property name="ki_description" value="DC Barrel Jack"/>
      <property name="ki_keywords" value="DC power barrel jack connector"/>
      <sheetpath names="/Power/" tstamps="/3414a10a-973a-4a85-bec5-f896220b0f20/"/>
      <tstamps>4a8c4a8d-c6e2-4147-a537-aac2b8273d60</tstamps>
    </comp>
    <comp ref="R1">
      <value>600</value>
      <footprint>Resistor_SMD:R_0805_2012Metric_Pad1.20x1.40mm_HandSolder</footprint>
      <libsource lib="Device" part="R" description="Resistor"/>
      <property name="Sheetname" value="Power"/>
      <property name="Sheetfile" value="Power_sch.kicad_sch"/>
      <property name="ki_description" value="Resistor"/>
      <property name="ki_keywords" value="R res resistor"/>
      <sheetpath names="/Power/" tstamps="/3414a10a-973a-4a85-bec5-f896220b0f20/"/>
      <tstamps>550258e4-82a0-43eb-9dfb-fe44eb06b66c</tstamps>
    </comp>
    <comp ref="R2">
      <value>100K</value>
      <footprint>Resistor_SMD:R_0805_2012Metric_Pad1.20x1.40mm_HandSolder</footprint>
      <libsource lib="Device" part="R" description="Resistor"/>
      <property name="Sheetname" value="Power"/>
      <property name="Sheetfile" value="Power_sch.kicad_sch"/>
      <property name="ki_description" value="Resistor"/>
      <property name="ki_keywords" value="R res resistor"/>
      <sheetpath names="/Power/" tstamps="/3414a10a-973a-4a85-bec5-f896220b0f20/"/>
      <tstamps>72f8eb1e-772f-4004-8669-65c9c4841c9f</tstamps>
    </comp>
    <comp ref="R3">
      <value>10K</value>
      <footprint>Resistor_SMD:R_0805_2012Metric_Pad1.20x1.40mm_HandSolder</footprint>
      <libsource lib="Device" part="R" description="Resistor"/>
      <property name="Sheetname" value="Power"/>
      <property name="Sheetfile" value="Power_sch.kicad_sch"/>
      <property name="ki_description" value="Resistor"/>
      <property name="ki_keywords" value="R res resistor"/>
      <sheetpath names="/Power/" tstamps="/3414a10a-973a-4a85-bec5-f896220b0f20/"/>
      <tstamps>c3a22c0c-83f9-4345-bd21-253183f31b0e</tstamps>
    </comp>
    <comp ref="R4">
      <value>10K</value>
      <footprint>Resistor_SMD:R_0805_2012Metric_Pad1.20x1.40mm_HandSolder</footprint>
      <libsource lib="Device" part="R" description="Resistor"/>
      <property name="Sheetname" value="Power"/>
      <property name="Sheetfile" value="Power_sch.kicad_sch"/>
      <property name="ki_description" value="Resistor"/>
      <property name="ki_keywords" value="R res resistor"/>
      <sheetpath names="/Power/" tstamps="/3414a10a-973a-4a85-bec5-f896220b0f20/"/>
      <tstamps>c19b0c8a-0b79-43d6-bf3c-675a8ebedb46</tstamps>
    </comp>
    <comp ref="R5">
      <value>3.6K</value>
      <footprint>Resistor_SMD:R_0805_2012Metric_Pad1.20x1.40mm_HandSolder</footprint>
      <libsource lib="Device" part="R" description="Resistor"/>
      <property name="Sheetname" value="Power"/>
      <property name="Sheetfile" value="Power_sch.kicad_sch"/>
      <property name="ki_description" value="Resistor"/>
      <property name="ki_keywords" value="R res resistor"/>
      <sheetpath names="/Power/" tstamps="/3414a10a-973a-4a85-bec5-f896220b0f20/"/>
      <tstamps>c8db6764-cef1-4bf3-90e8-1e240bec2f5c</tstamps>
    </comp>
    <comp ref="RT1">
      <value>NTCG103JF103FT1</value>
      <footprint>Central:THERM_NTCG103JF103FT1</footprint>
      <fields>
        <field name="Availability">In Stock</field>
        <field name="Check_prices">https://www.snapeda.com/parts/NTCG103JF103FT1/TDK/view-part/?ref=eda</field>
        <field name="Description">
NTC Thermistor 10k 0402 (1005 Metric)
</field>
        <field name="MANUFACTURER">TDK</field>
        <field name="MAXIMUM_PACKAGE_HEIGHT">0.55 mm</field>
        <field name="MF">TDK</field>
        <field name="MP">NTCG103JF103FT1</field>
        <field name="PARTREV">8/12/2022</field>
        <field name="Package">0402 TDK</field>
        <field name="Price">None</field>
        <field name="Purchase-URL">https://www.snapeda.com/api/url_track_click_mouser/?unipart_id=696931&amp;manufacturer=TDK&amp;part_name=NTCG103JF103FT1&amp;search_term=None</field>
        <field name="STANDARD">Manufacturer Recommendations</field>
        <field name="SnapEDA_Link">https://www.snapeda.com/parts/NTCG103JF103FT1/TDK/view-part/?ref=snap</field>
      </fields>
      <libsource lib="10K NTC" part="NTCG103JF103FT1" description=""/>
      <property name="MF" value="TDK"/>
      <property name="MAXIMUM_PACKAGE_HEIGHT" value="0.55 mm"/>
      <property name="Package" value="0402 TDK"/>
      <property name="Price" value="None"/>
      <property name="Check_prices" value="https://www.snapeda.com/parts/NTCG103JF103FT1/TDK/view-part/?ref=eda"/>
      <property name="STANDARD" value="Manufacturer Recommendations"/>
      <property name="PARTREV" value="8/12/2022"/>
      <property name="SnapEDA_Link" value="https://www.snapeda.com/parts/NTCG103JF103FT1/TDK/view-part/?ref=snap"/>
      <property name="MP" value="NTCG103JF103FT1"/>
      <property name="Purchase-URL" value="https://www.snapeda.com/api/url_track_click_mouser/?unipart_id=696931&amp;manufacturer=TDK&amp;part_name=NTCG103JF103FT1&amp;search_term=None"/>
      <property name="Description" value="&#xA;NTC Thermistor 10k 0402 (1005 Metric)&#xA;"/>
      <property name="Availability" value="In Stock"/>
      <property name="MANUFACTURER" value="TDK"/>
      <property name="Sheetname" value="Power"/>
      <property name="Sheetfile" value="Power_sch.kicad_sch"/>
      <sheetpath names="/Power/" tstamps="/3414a10a-973a-4a85-bec5-f896220b0f20/"/>
      <tstamps>610725df-04f8-49f4-8af3-96956d4deb03</tstamps>
    </comp>
    <comp ref="U2">
      <value>BQ25171QWDRCRQ1</value>
      <footprint>Central:VSON10_BQ25171_3X3_TEX</footprint>
      <datasheet>BQ25171QWDRCRQ1</datasheet>
      <libsource lib="BQ25171" part="BQ25171QWDRCRQ1" description=""/>
      <property name="Sheetname" value="Power"/>
      <property name="Sheetfile" value="Power_sch.kicad_sch"/>
      <property name="ki_keywords" value="BQ25171QWDRCRQ1"/>
      <sheetpath names="/Power/" tstamps="/3414a10a-973a-4a85-bec5-f896220b0f20/"/>
      <tstamps>a8c3d7a2-2c7d-4ca7-9de6-91194679d2f0</tstamps>
    </comp>
    <comp ref="U3">
      <value>AMS1117-3.3</value>
      <footprint>Package_TO_SOT_SMD:SOT-223-3_TabPin2</footprint>
      <datasheet>http://www.advanced-monolithic.com/pdf/ds1117.pdf</datasheet>
      <libsource lib="Regulator_Linear" part="AMS1117-3.3" description="1A Low Dropout regulator, positive, 3.3V fixed output, SOT-223"/>
      <property name="Sheetname" value="Power"/>
      <property name="Sheetfile" value="Power_sch.kicad_sch"/>
      <property name="ki_description" value="1A Low Dropout regulator, positive, 3.3V fixed output, SOT-223"/>
      <property name="ki_keywords" value="linear regulator ldo fixed positive"/>
      <sheetpath names="/Power/" tstamps="/3414a10a-973a-4a85-bec5-f896220b0f20/"/>
      <tstamps>c82ed8ed-f700-40d1-a9b4-163859961751</tstamps>
    </comp>
    <comp ref="C14">
      <value>100µ</value>
      <footprint>Capacitor_SMD:C_0805_2012Metric_Pad1.18x1.45mm_HandSolder</footprint>
      <libsource lib="Device" part="C_Polarized" description="Polarized capacitor"/>
      <property name="Sheetname" value="BC660"/>
      <property name="Sheetfile" value="BC660.kicad_sch"/>
      <property name="ki_description" value="Polarized capacitor"/>
      <property name="ki_keywords" value="cap capacitor"/>
      <sheetpath names="/BC660/" tstamps="/a01f4f1b-67d6-4452-bfd1-ae36b9ad65e8/"/>
      <tstamps>3ab5a933-20e0-40b8-9fd7-11a07c579d55</tstamps>
    </comp>
    <comp ref="C15">
      <value>100n</value>
      <footprint>Capacitor_SMD:C_0805_2012Metric_Pad1.18x1.45mm_HandSolder</footprint>
      <libsource lib="Device" part="C" description="Unpolarized capacitor"/>
      <property name="Sheetname" value="BC660"/>
      <property name="Sheetfile" value="BC660.kicad_sch"/>
      <property name="ki_description" value="Unpolarized capacitor"/>
      <property name="ki_keywords" value="cap capacitor"/>
      <sheetpath names="/BC660/" tstamps="/a01f4f1b-67d6-4452-bfd1-ae36b9ad65e8/"/>
      <tstamps>f9262ed5-be63-4ea4-9766-4ba568f20547</tstamps>
    </comp>
    <comp ref="C16">
      <value>100p</value>
      <footprint>Capacitor_SMD:C_0805_2012Metric_Pad1.18x1.45mm_HandSolder</footprint>
      <libsource lib="Device" part="C" description="Unpolarized capacitor"/>
      <property name="Sheetname" value="BC660"/>
      <property name="Sheetfile" value="BC660.kicad_sch"/>
      <property name="ki_description" value="Unpolarized capacitor"/>
      <property name="ki_keywords" value="cap capacitor"/>
      <sheetpath names="/BC660/" tstamps="/a01f4f1b-67d6-4452-bfd1-ae36b9ad65e8/"/>
      <tstamps>09aa98ee-2ae9-49a4-a8d5-d1a7b9f1c741</tstamps>
    </comp>
    <comp ref="C17">
      <value>22p</value>
      <footprint>Capacitor_SMD:C_0805_2012Metric_Pad1.18x1.45mm_HandSolder</footprint>
      <libsource lib="Device" part="C" description="Unpolarized capacitor"/>
      <property name="Sheetname" value="BC660"/>
      <property name="Sheetfile" value="BC660.kicad_sch"/>
      <property name="ki_description" value="Unpolarized capacitor"/>
      <property name="ki_keywords" value="cap capacitor"/>
      <sheetpath names="/BC660/" tstamps="/a01f4f1b-67d6-4452-bfd1-ae36b9ad65e8/"/>
      <tstamps>bef2fbe5-5d62-46fa-a3dd-5e9be740afc4</tstamps>
    </comp>
    <comp ref="C18">
      <value>33p</value>
      <footprint>Capacitor_SMD:C_0805_2012Metric_Pad1.18x1.45mm_HandSolder</footprint>
      <libsource lib="Device" part="C" description="Unpolarized capacitor"/>
      <property name="Sheetname" value="BC660"/>
      <property name="Sheetfile" value="BC660.kicad_sch"/>
      <property name="ki_description" value="Unpolarized capacitor"/>
      <property name="ki_keywords" value="cap capacitor"/>
      <sheetpath names="/BC660/" tstamps="/a01f4f1b-67d6-4452-bfd1-ae36b9ad65e8/"/>
      <tstamps>2f3d63c5-8e5a-4977-9af8-9002de562c91</tstamps>
    </comp>
    <comp ref="C19">
      <value>33p</value>
      <footprint>Capacitor_SMD:C_0805_2012Metric_Pad1.18x1.45mm_HandSolder</footprint>
      <libsource lib="Device" part="C" description="Unpolarized capacitor"/>
      <property name="Sheetname" value="BC660"/>
      <property name="Sheetfile" value="BC660.kicad_sch"/>
      <property name="ki_description" value="Unpolarized capacitor"/>
      <property name="ki_keywords" value="cap capacitor"/>
      <sheetpath names="/BC660/" tstamps="/a01f4f1b-67d6-4452-bfd1-ae36b9ad65e8/"/>
      <tstamps>7cae2a43-2d4b-4a80-8cd8-11f0fad576cd</tstamps>
    </comp>
    <comp ref="C20">
      <value>33p</value>
      <footprint>Capacitor_SMD:C_0805_2012Metric_Pad1.18x1.45mm_HandSolder</footprint>
      <libsource lib="Device" part="C" description="Unpolarized capacitor"/>
      <property name="Sheetname" value="BC660"/>
      <property name="Sheetfile" value="BC660.kicad_sch"/>
      <property name="ki_description" value="Unpolarized capacitor"/>
      <property name="ki_keywords" value="cap capacitor"/>
      <sheetpath names="/BC660/" tstamps="/a01f4f1b-67d6-4452-bfd1-ae36b9ad65e8/"/>
      <tstamps>87d9a3dd-fdf3-4bb2-b958-eb62a053abef</tstamps>
    </comp>
    <comp ref="C21">
      <value>33p</value>
      <footprint>Capacitor_SMD:C_0805_2012Metric_Pad1.18x1.45mm_HandSolder</footprint>
      <libsource lib="Device" part="C" description="Unpolarized capacitor"/>
      <property name="Sheetname" value="BC660"/>
      <property name="Sheetfile" value="BC660.kicad_sch"/>
      <property name="ki_description" value="Unpolarized capacitor"/>
      <property name="ki_keywords" value="cap capacitor"/>
      <sheetpath names="/BC660/" tstamps="/a01f4f1b-67d6-4452-bfd1-ae36b9ad65e8/"/>
      <tstamps>38614f32-8d18-4305-a47e-fab10549cdc7</tstamps>
    </comp>
    <comp ref="C22">
      <value>100n</value>
      <footprint>Capacitor_SMD:C_0805_2012Metric_Pad1.18x1.45mm_HandSolder</footprint>
      <libsource lib="Device" part="C" description="Unpolarized capacitor"/>
      <property name="Sheetname" value="BC660"/>
      <property name="Sheetfile" value="BC660.kicad_sch"/>
      <property name="ki_description" value="Unpolarized capacitor"/>
      <property name="ki_keywords" value="cap capacitor"/>
      <sheetpath names="/BC660/" tstamps="/a01f4f1b-67d6-4452-bfd1-ae36b9ad65e8/"/>
      <tstamps>aa37f3b9-116d-472c-a7c4-967334735271</tstamps>
    </comp>
    <comp ref="J3">
      <value>Conn_01x02_Pin</value>
      <footprint>Connector_PinHeader_2.54mm:PinHeader_1x02_P2.54mm_Vertical</footprint>
      <libsource lib="Connector" part="Conn_01x02_Pin" description="Generic connector, single row, 01x02, script generated"/>
      <property name="Sheetname" value="BC660"/>
      <property name="Sheetfile" value="BC660.kicad_sch"/>
      <property name="ki_description" value="Generic connector, single row, 01x02, script generated"/>
      <property name="ki_keywords" value="connector"/>
      <sheetpath names="/BC660/" tstamps="/a01f4f1b-67d6-4452-bfd1-ae36b9ad65e8/"/>
      <tstamps>7b39fc70-6644-42d9-8d8a-973fbd74790b</tstamps>
    </comp>
    <comp ref="J4">
      <value>SMA_CONNECTOR</value>
      <footprint>Central:LPRS_SMA_CONNECTOR</footprint>
      <fields>
        <field name="Availability">In Stock</field>
        <field name="Check_prices">https://www.snapeda.com/parts/SMA%20CONNECTOR/LPRS/view-part/?ref=eda</field>
        <field name="Description">
RF Coaxial Straight SMA Connector
</field>
        <field name="MANUFACTURER">LPRS</field>
        <field name="MAXIMUM_PACKAGE_HEIGHT">8.3 mm</field>
        <field name="MF">LPRS</field>
        <field name="MP">SMA CONNECTOR</field>
        <field name="PARTREV">1.3</field>
        <field name="Package">None</field>
        <field name="Price">None</field>
        <field name="STANDARD">Manufacturer Recommendations</field>
        <field name="SnapEDA_Link">https://www.snapeda.com/parts/SMA%20CONNECTOR/LPRS/view-part/?ref=snap</field>
      </fields>
      <libsource lib="SMA_CONNECTOR" part="SMA_CONNECTOR" description=""/>
      <property name="MF" value="LPRS"/>
      <property name="MAXIMUM_PACKAGE_HEIGHT" value="8.3 mm"/>
      <property name="Package" value="None"/>
      <property name="Price" value="None"/>
      <property name="Check_prices" value="https://www.snapeda.com/parts/SMA%20CONNECTOR/LPRS/view-part/?ref=eda"/>
      <property name="STANDARD" value="Manufacturer Recommendations"/>
      <property name="PARTREV" value="1.3"/>
      <property name="SnapEDA_Link" value="https://www.snapeda.com/parts/SMA%20CONNECTOR/LPRS/view-part/?ref=snap"/>
      <property name="MP" value="SMA CONNECTOR"/>
      <property name="Description" value="&#xA;RF Coaxial Straight SMA Connector&#xA;"/>
      <property name="Availability" value="In Stock"/>
      <property name="MANUFACTURER" value="LPRS"/>
      <property name="Sheetname" value="BC660"/>
      <property name="Sheetfile" value="BC660.kicad_sch"/>
      <sheetpath names="/BC660/" tstamps="/a01f4f1b-67d6-4452-bfd1-ae36b9ad65e8/"/>
      <tstamps>4e32e364-a2d5-41d5-8f13-698f1377af80</tstamps>
    </comp>
    <comp ref="J5">
      <value>SIM8051-6-0-14-01-X-REVD</value>
      <footprint>Central:GCT_SIM8051-6-0-14-01-X-REVD</footprint>
      <fields>
        <field name="Availability">In Stock</field>
        <field name="Check_prices">https://www.snapeda.com/parts/SIM8051-6-0-14-01-A/Global+Connector+Technology/view-part/?ref=eda</field>
        <field name="Description">
6 Position Card Connector NANO SIM Surface Mount, Right Angle Gold, Without switch, 1.35mm profile, Push-Pull, 4FF Sim card type, low cost, high mating cycle
</field>
        <field name="MANUFACTURER">GCT</field>
        <field name="MF">Global Connector Technology</field>
        <field name="MP">SIM8051-6-0-14-01-A</field>
        <field name="Package">None</field>
        <field name="Price">None</field>
        <field name="SnapEDA_Link">https://www.snapeda.com/parts/SIM8051-6-0-14-01-A/Global+Connector+Technology/view-part/?ref=snap</field>
      </fields>
      <libsource lib="SIM8051" part="SIM8051-6-0-14-01-X-REVD" description=""/>
      <property name="MF" value="Global Connector Technology"/>
      <property name="Description" value="&#xA;6 Position Card Connector NANO SIM Surface Mount, Right Angle Gold, Without switch, 1.35mm profile, Push-Pull, 4FF Sim card type, low cost, high mating cycle&#xA;"/>
      <property name="Package" value="None"/>
      <property name="Price" value="None"/>
      <property name="Check_prices" value="https://www.snapeda.com/parts/SIM8051-6-0-14-01-A/Global+Connector+Technology/view-part/?ref=eda"/>
      <property name="SnapEDA_Link" value="https://www.snapeda.com/parts/SIM8051-6-0-14-01-A/Global+Connector+Technology/view-part/?ref=snap"/>
      <property name="MP" value="SIM8051-6-0-14-01-A"/>
      <property name="Availability" value="In Stock"/>
      <property name="MANUFACTURER" value="GCT"/>
      <property name="Sheetname" value="BC660"/>
      <property name="Sheetfile" value="BC660.kicad_sch"/>
      <sheetpath names="/BC660/" tstamps="/a01f4f1b-67d6-4452-bfd1-ae36b9ad65e8/"/>
      <tstamps>544065f4-ca99-4068-b673-611aa8b80aef</tstamps>
    </comp>
    <comp ref="R6">
      <value>1k</value>
      <footprint>Resistor_SMD:R_0805_2012Metric_Pad1.20x1.40mm_HandSolder</footprint>
      <libsource lib="Device" part="R" description="Resistor"/>
      <property name="Sheetname" value="BC660"/>
      <property name="Sheetfile" value="BC660.kicad_sch"/>
      <property name="ki_description" value="Resistor"/>
      <property name="ki_keywords" value="R res resistor"/>
      <sheetpath names="/BC660/" tstamps="/a01f4f1b-67d6-4452-bfd1-ae36b9ad65e8/"/>
      <tstamps>4af4c532-7c86-4e62-b645-758699e3c071</tstamps>
    </comp>
    <comp ref="R7">
      <value>1k</value>
      <footprint>Resistor_SMD:R_0805_2012Metric_Pad1.20x1.40mm_HandSolder</footprint>
      <libsource lib="Device" part="R" description="Resistor"/>
      <property name="Sheetname" value="BC660"/>
      <property name="Sheetfile" value="BC660.kicad_sch"/>
      <property name="ki_description" value="Resistor"/>
      <property name="ki_keywords" value="R res resistor"/>
      <sheetpath names="/BC660/" tstamps="/a01f4f1b-67d6-4452-bfd1-ae36b9ad65e8/"/>
      <tstamps>68981251-423b-4fa0-8e95-6e1d63e771ca</tstamps>
    </comp>
    <comp ref="R8">
      <value>1k</value>
      <footprint>Resistor_SMD:R_0805_2012Metric_Pad1.20x1.40mm_HandSolder</footprint>
      <libsource lib="Device" part="R" description="Resistor"/>
      <property name="Sheetname" value="BC660"/>
      <property name="Sheetfile" value="BC660.kicad_sch"/>
      <property name="ki_description" value="Resistor"/>
      <property name="ki_keywords" value="R res resistor"/>
      <sheetpath names="/BC660/" tstamps="/a01f4f1b-67d6-4452-bfd1-ae36b9ad65e8/"/>
      <tstamps>712180dd-7112-41f3-8e29-5f9c83867e0c</tstamps>
    </comp>
    <comp ref="R9">
      <value>1k</value>
      <footprint>Resistor_SMD:R_0805_2012Metric_Pad1.20x1.40mm_HandSolder</footprint>
      <libsource lib="Device" part="R" description="Resistor"/>
      <property name="Sheetname" value="BC660"/>
      <property name="Sheetfile" value="BC660.kicad_sch"/>
      <property name="ki_description" value="Resistor"/>
      <property name="ki_keywords" value="R res resistor"/>
      <sheetpath names="/BC660/" tstamps="/a01f4f1b-67d6-4452-bfd1-ae36b9ad65e8/"/>
      <tstamps>b79c7f8b-e759-465f-8d2a-51c4b175e588</tstamps>
    </comp>
    <comp ref="R10">
      <value>1k</value>
      <footprint>Resistor_SMD:R_0805_2012Metric_Pad1.20x1.40mm_HandSolder</footprint>
      <libsource lib="Device" part="R" description="Resistor"/>
      <property name="Sheetname" value="BC660"/>
      <property name="Sheetfile" value="BC660.kicad_sch"/>
      <property name="ki_description" value="Resistor"/>
      <property name="ki_keywords" value="R res resistor"/>
      <sheetpath names="/BC660/" tstamps="/a01f4f1b-67d6-4452-bfd1-ae36b9ad65e8/"/>
      <tstamps>e3a66746-7c65-4390-a566-6e119c9888a3</tstamps>
    </comp>
    <comp ref="R11">
      <value>22</value>
      <footprint>Resistor_SMD:R_0805_2012Metric_Pad1.20x1.40mm_HandSolder</footprint>
      <libsource lib="Device" part="R" description="Resistor"/>
      <property name="Sheetname" value="BC660"/>
      <property name="Sheetfile" value="BC660.kicad_sch"/>
      <property name="ki_description" value="Resistor"/>
      <property name="ki_keywords" value="R res resistor"/>
      <sheetpath names="/BC660/" tstamps="/a01f4f1b-67d6-4452-bfd1-ae36b9ad65e8/"/>
      <tstamps>b36cd10a-dd50-4830-ae1a-b633b08f90c4</tstamps>
    </comp>
    <comp ref="R12">
      <value>22</value>
      <footprint>Resistor_SMD:R_0805_2012Metric_Pad1.20x1.40mm_HandSolder</footprint>
      <libsource lib="Device" part="R" description="Resistor"/>
      <property name="Sheetname" value="BC660"/>
      <property name="Sheetfile" value="BC660.kicad_sch"/>
      <property name="ki_description" value="Resistor"/>
      <property name="ki_keywords" value="R res resistor"/>
      <sheetpath names="/BC660/" tstamps="/a01f4f1b-67d6-4452-bfd1-ae36b9ad65e8/"/>
      <tstamps>ef0d9841-7c00-49e9-b96c-30d460d8cd64</tstamps>
    </comp>
    <comp ref="R13">
      <value>22</value>
      <footprint>Resistor_SMD:R_0805_2012Metric_Pad1.20x1.40mm_HandSolder</footprint>
      <libsource lib="Device" part="R" description="Resistor"/>
      <property name="Sheetname" value="BC660"/>
      <property name="Sheetfile" value="BC660.kicad_sch"/>
      <property name="ki_description" value="Resistor"/>
      <property name="ki_keywords" value="R res resistor"/>
      <sheetpath names="/BC660/" tstamps="/a01f4f1b-67d6-4452-bfd1-ae36b9ad65e8/"/>
      <tstamps>12af40fb-bd8f-4ad5-bf56-cb462191ebb6</tstamps>
    </comp>
    <comp ref="R14">
      <value>10k</value>
      <footprint>Resistor_SMD:R_0805_2012Metric_Pad1.20x1.40mm_HandSolder</footprint>
      <libsource lib="Device" part="R" description="Resistor"/>
      <property name="Sheetname" value="BC660"/>
      <property name="Sheetfile" value="BC660.kicad_sch"/>
      <property name="ki_description" value="Resistor"/>
      <property name="ki_keywords" value="R res resistor"/>
      <sheetpath names="/BC660/" tstamps="/a01f4f1b-67d6-4452-bfd1-ae36b9ad65e8/"/>
      <tstamps>2b8e6fdb-bf42-4b24-b751-e0c2ef1d7098</tstamps>
    </comp>
    <comp ref="U4">
      <value>BC660K-GL</value>
      <footprint>Central:XCVR_BC660K-GL</footprint>
      <fields>
        <field name="Availability">Not in stock</field>
        <field name="Check_prices">https://www.snapeda.com/parts/BC660K-GL/Quectel/view-part/?ref=eda</field>
        <field name="Description">
Multi-band LTE Cat NB2 module; 17.7mm 15.8mm 2mm; 1.8g; SMT form factor; LCC package; Max. 127Kbps downlink / 158.5Kbps uplink; Extended temperature range of -40C to +85C.
</field>
        <field name="MANUFACTURER">Quectel</field>
        <field name="MAXIMUM_PACKAGE_HEIGHT">2.2mm</field>
        <field name="MF">Quectel</field>
        <field name="MP">BC660K-GL</field>
        <field name="PARTREV">1.2</field>
        <field name="Package">None</field>
        <field name="Price">None</field>
        <field name="SNAPEDA_PN">BC660K-GL</field>
        <field name="STANDARD">Manufacturer Recommendations</field>
        <field name="SnapEDA_Link">https://www.snapeda.com/parts/BC660K-GL/Quectel/view-part/?ref=snap</field>
      </fields>
      <libsource lib="BC660" part="BC660K-GL" description=""/>
      <property name="MF" value="Quectel"/>
      <property name="MAXIMUM_PACKAGE_HEIGHT" value="2.2mm"/>
      <property name="Package" value="None"/>
      <property name="Price" value="None"/>
      <property name="Check_prices" value="https://www.snapeda.com/parts/BC660K-GL/Quectel/view-part/?ref=eda"/>
      <property name="STANDARD" value="Manufacturer Recommendations"/>
      <property name="PARTREV" value="1.2"/>
      <property name="SnapEDA_Link" value="https://www.snapeda.com/parts/BC660K-GL/Quectel/view-part/?ref=snap"/>
      <property name="MP" value="BC660K-GL"/>
      <property name="Description" value="&#xA;Multi-band LTE Cat NB2 module; 17.7mm 15.8mm 2mm; 1.8g; SMT form factor; LCC package; Max. 127Kbps downlink / 158.5Kbps uplink; Extended temperature range of -40C to +85C.&#xA;"/>
      <property name="MANUFACTURER" value="Quectel"/>
      <property name="Availability" value="Not in stock"/>
      <property name="SNAPEDA_PN" value="BC660K-GL"/>
      <property name="Sheetname" value="BC660"/>
      <property name="Sheetfile" value="BC660.kicad_sch"/>
      <sheetpath names="/BC660/" tstamps="/a01f4f1b-67d6-4452-bfd1-ae36b9ad65e8/"/>
      <tstamps>c548323f-e44f-4f58-9bf0-9b3383ad03f6</tstamps>
    </comp>
    <comp ref="U5">
      <value>ESDS304DBVR</value>
      <footprint>Central:SOT95P280X145-5N</footprint>
      <fields>
        <field name="Check_prices">https://www.snapeda.com/parts/ESDS304DBVR/Texas+Instruments/view-part/?ref=eda</field>
        <field name="Description">
Quad 2.3-pF, 3.6-V, ±30-kV ESD protection diode with 12-A 8/20-uS surge rating for USB and Ethernet
</field>
        <field name="MF">Texas Instruments</field>
        <field name="MP">ESDS304DBVR</field>
        <field name="Package">SOT-23-5 Texas Instruments</field>
        <field name="Purchase-URL">https://www.snapeda.com/api/url_track_click_mouser/?unipart_id=3215782&amp;manufacturer=Texas Instruments&amp;part_name=ESDS304DBVR&amp;search_term=esds304dbvr</field>
        <field name="SnapEDA_Link">https://www.snapeda.com/parts/ESDS304DBVR/Texas+Instruments/view-part/?ref=snap</field>
      </fields>
      <libsource lib="ESDS304" part="ESDS304DBVR" description=""/>
      <property name="DigiKey_Part_Number" value=""/>
      <property name="MF" value="Texas Instruments"/>
      <property name="Purchase-URL" value="https://www.snapeda.com/api/url_track_click_mouser/?unipart_id=3215782&amp;manufacturer=Texas Instruments&amp;part_name=ESDS304DBVR&amp;search_term=esds304dbvr"/>
      <property name="Package" value="SOT-23-5 Texas Instruments"/>
      <property name="SnapEDA_Link" value="https://www.snapeda.com/parts/ESDS304DBVR/Texas+Instruments/view-part/?ref=snap"/>
      <property name="MP" value="ESDS304DBVR"/>
      <property name="Description" value="&#xA;Quad 2.3-pF, 3.6-V, ±30-kV ESD protection diode with 12-A 8/20-uS surge rating for USB and Ethernet&#xA;"/>
      <property name="Check_prices" value="https://www.snapeda.com/parts/ESDS304DBVR/Texas+Instruments/view-part/?ref=eda"/>
      <property name="Sheetname" value="BC660"/>
      <property name="Sheetfile" value="BC660.kicad_sch"/>
      <sheetpath names="/BC660/" tstamps="/a01f4f1b-67d6-4452-bfd1-ae36b9ad65e8/"/>
      <tstamps>883c8994-e23e-475e-8b6a-11a1e1927022</tstamps>
    </comp>
  </components>
  <libparts>
    <libpart lib="1049P" part="1049">
      <fields>
        <field name="Reference">BT</field>
        <field name="Value">1049</field>
        <field name="Footprint">1049:BAT_1049</field>
        <field name="MF">Keystone Electronics</field>
        <field name="MAXIMUM_PACKAGE_HEIGHT">15.1mm</field>
        <field name="Package">None</field>
        <field name="Price">None</field>
        <field name="Check_prices">https://www.snapeda.com/parts/1049/Keystone+Electronics/view-part/?ref=eda</field>
        <field name="STANDARD">Manufacturer Recommendations</field>
        <field name="PARTREV">F</field>
        <field name="SnapEDA_Link">https://www.snapeda.com/parts/1049/Keystone+Electronics/view-part/?ref=snap</field>
        <field name="MP">1049</field>
        <field name="Description">
THM Holder for Dual 18650 Batteries
</field>
        <field name="MANUFACTURER">Keystone</field>
        <field name="Availability">Not in stock</field>
        <field name="SNAPEDA_PN">109</field>
      </fields>
      <pins>
        <pin num="N1" name="" type="passive"/>
        <pin num="N2" name="" type="passive"/>
        <pin num="P1" name="" type="passive"/>
        <pin num="P2" name="" type="passive"/>
      </pins>
    </libpart>
    <libpart lib="10K NTC" part="NTCG103JF103FT1">
      <fields>
        <field name="Reference">RT</field>
        <field name="Value">NTCG103JF103FT1</field>
        <field name="Footprint">NTCG103JF103FT1:THERM_NTCG103JF103FT1</field>
        <field name="MF">TDK</field>
        <field name="MAXIMUM_PACKAGE_HEIGHT">0.55 mm</field>
        <field name="Package">0402 TDK</field>
        <field name="Price">None</field>
        <field name="Check_prices">https://www.snapeda.com/parts/NTCG103JF103FT1/TDK/view-part/?ref=eda</field>
        <field name="STANDARD">Manufacturer Recommendations</field>
        <field name="PARTREV">8/12/2022</field>
        <field name="SnapEDA_Link">https://www.snapeda.com/parts/NTCG103JF103FT1/TDK/view-part/?ref=snap</field>
        <field name="MP">NTCG103JF103FT1</field>
        <field name="Purchase-URL">https://www.snapeda.com/api/url_track_click_mouser/?unipart_id=696931&amp;manufacturer=TDK&amp;part_name=NTCG103JF103FT1&amp;search_term=None</field>
        <field name="Description">
NTC Thermistor 10k 0402 (1005 Metric)
</field>
        <field name="Availability">In Stock</field>
        <field name="MANUFACTURER">TDK</field>
      </fields>
      <pins>
        <pin num="1" name="" type="passive"/>
        <pin num="2" name="" type="passive"/>
      </pins>
    </libpart>
    <libpart lib="32Mhz crystal" part="CX2016DB32000D0WZRC1">
      <fields>
        <field name="Reference">Y</field>
        <field name="Value">CX2016DB32000D0WZRC1</field>
        <field name="Footprint">CX2016DB32000D0WZRC1:OSCCC200X160X45N</field>
        <field name="MF">AVX</field>
        <field name="Description">
Crystal 32MHz ±40ppm (Tol) ±40ppm (Stability) 8pF FUND 50Ohm 4-Pin SMD T/R
</field>
        <field name="Package">None</field>
        <field name="Price">None</field>
        <field name="STANDARD">IPC-7351B</field>
        <field name="PARTREV">00</field>
        <field name="SnapEDA_Link">https://www.snapeda.com/parts/CX2016DB32000D0WZRC1/AVX/view-part/?ref=snap</field>
        <field name="MP">CX2016DB32000D0WZRC1</field>
        <field name="Purchase-URL">https://www.snapeda.com/api/url_track_click_mouser/?unipart_id=4833111&amp;manufacturer=AVX&amp;part_name=CX2016DB32000D0WZRC1&amp;search_term=cx2016db32000d0wzrc1</field>
        <field name="Availability">In Stock</field>
        <field name="Check_prices">https://www.snapeda.com/parts/CX2016DB32000D0WZRC1/AVX/view-part/?ref=eda</field>
      </fields>
      <pins>
        <pin num="1" name="" type="passive"/>
        <pin num="2" name="" type="power_in"/>
        <pin num="3" name="" type="passive"/>
      </pins>
    </libpart>
    <libpart lib="BC660" part="BC660K-GL">
      <fields>
        <field name="Reference">U</field>
        <field name="Value">BC660K-GL</field>
        <field name="Footprint">BC660K-GL:XCVR_BC660K-GL</field>
        <field name="MF">Quectel</field>
        <field name="MAXIMUM_PACKAGE_HEIGHT">2.2mm</field>
        <field name="Package">None</field>
        <field name="Price">None</field>
        <field name="Check_prices">https://www.snapeda.com/parts/BC660K-GL/Quectel/view-part/?ref=eda</field>
        <field name="STANDARD">Manufacturer Recommendations</field>
        <field name="PARTREV">1.2</field>
        <field name="SnapEDA_Link">https://www.snapeda.com/parts/BC660K-GL/Quectel/view-part/?ref=snap</field>
        <field name="MP">BC660K-GL</field>
        <field name="Description">
Multi-band LTE Cat NB2 module; 17.7mm 15.8mm 2mm; 1.8g; SMT form factor; LCC package; Max. 127Kbps downlink / 158.5Kbps uplink; Extended temperature range of -40C to +85C.
</field>
        <field name="MANUFACTURER">Quectel</field>
        <field name="Availability">Not in stock</field>
        <field name="SNAPEDA_PN">BC660K-GL</field>
      </fields>
      <pins>
        <pin num="1" name="GND" type="power_in"/>
        <pin num="2" name="RESERVED_1" type="no_connect"/>
        <pin num="3" name="GPIO1" type="bidirectional"/>
        <pin num="4" name="GPIO2" type="bidirectional"/>
        <pin num="5" name="GPIO3" type="bidirectional"/>
        <pin num="6" name="GPIO4" type="bidirectional"/>
        <pin num="7" name="~{BOOT}" type="input"/>
        <pin num="8" name="RESERVED_1" type="no_connect"/>
        <pin num="9" name="ADC0" type="input"/>
        <pin num="10" name="USIM_GND" type="power_in"/>
        <pin num="11" name="USIM_DATA" type="bidirectional"/>
        <pin num="12" name="USIM_RST" type="output"/>
        <pin num="13" name="USIM_CLK" type="output"/>
        <pin num="14" name="USIM_VDD" type="power_in"/>
        <pin num="15" name="~{RESET}" type="input"/>
        <pin num="16" name="NETLIGHT" type="output"/>
        <pin num="17" name="MAIN_TXD" type="output"/>
        <pin num="18" name="MAIN_RXD" type="input"/>
        <pin num="19" name="PSM_EINT" type="input"/>
        <pin num="20" name="RI" type="output"/>
        <pin num="21" name="RESERVED_1" type="no_connect"/>
        <pin num="22" name="RESERVED_1" type="no_connect"/>
        <pin num="23" name="RESERVED_1" type="no_connect"/>
        <pin num="24" name="VDD_EXT" type="power_in"/>
        <pin num="25" name="RESERVED_1" type="no_connect"/>
        <pin num="26" name="RESERVED_1" type="no_connect"/>
        <pin num="27" name="GND" type="power_in"/>
        <pin num="28" name="RESERVED_1" type="no_connect"/>
        <pin num="29" name="RESERVED_1" type="no_connect"/>
        <pin num="30" name="RESERVED_1" type="no_connect"/>
        <pin num="31" name="RESERVED_1" type="no_connect"/>
        <pin num="32" name="RESERVED_1" type="no_connect"/>
        <pin num="33" name="RESERVED_1" type="no_connect"/>
        <pin num="34" name="GND" type="power_in"/>
        <pin num="35" name="ANT_RF" type="bidirectional"/>
        <pin num="36" name="GND" type="power_in"/>
        <pin num="37" name="GND" type="power_in"/>
        <pin num="38" name="DBG_RXD" type="input"/>
        <pin num="39" name="DBG_TXD" type="output"/>
        <pin num="40" name="GND" type="power_in"/>
        <pin num="41" name="GND" type="power_in"/>
        <pin num="42" name="VBAT" type="power_in"/>
        <pin num="43" name="VBAT" type="power_in"/>
        <pin num="44" name="RESERVED_1" type="no_connect"/>
        <pin num="45" name="RESERVED_1" type="no_connect"/>
        <pin num="46" name="RESERVED_2" type="no_connect"/>
        <pin num="47" name="RESERVED_2" type="no_connect"/>
        <pin num="48" name="RESERVED_2" type="no_connect"/>
        <pin num="49" name="RESERVED_2" type="no_connect"/>
        <pin num="50" name="RESERVED_2" type="no_connect"/>
        <pin num="51" name="RESERVED_2" type="no_connect"/>
        <pin num="52" name="VIO_SEL" type="input"/>
        <pin num="53" name="RESERVED_2" type="no_connect"/>
        <pin num="54" name="GRFC1" type="output"/>
        <pin num="55" name="GRFC2" type="output"/>
        <pin num="56" name="GND" type="power_in"/>
        <pin num="57" name="GND" type="power_in"/>
        <pin num="58" name="GND" type="power_in"/>
      </pins>
    </libpart>
    <libpart lib="BQ25171" part="BQ25171QWDRCRQ1">
      <docs>BQ25171QWDRCRQ1</docs>
      <footprints>
        <fp>VSON10_BQ25171_3X3_TEX</fp>
        <fp>VSON10_BQ25171_3X3_TEX-M</fp>
        <fp>VSON10_BQ25171_3X3_TEX-L</fp>
      </footprints>
      <fields>
        <field name="Reference">U4</field>
        <field name="Value">BQ25171QWDRCRQ1</field>
        <field name="Footprint">BG25171:VSON10_BQ25171_3X3_TEX</field>
        <field name="Datasheet">BQ25171QWDRCRQ1</field>
      </fields>
      <pins>
        <pin num="1" name="IN" type="unspecified"/>
        <pin num="2" name="ISET" type="unspecified"/>
        <pin num="3" name="/CE" type="unspecified"/>
        <pin num="4" name="TS" type="unspecified"/>
        <pin num="5" name="GND" type="unspecified"/>
        <pin num="6" name="CHM_TMP" type="unspecified"/>
        <pin num="7" name="STAT1" type="unspecified"/>
        <pin num="8" name="STAT2" type="unspecified"/>
        <pin num="9" name="VSET" type="unspecified"/>
        <pin num="10" name="OUT" type="unspecified"/>
        <pin num="11" name="11" type="unspecified"/>
      </pins>
    </libpart>
    <libpart lib="Connector" part="Barrel_Jack">
      <description>DC Barrel Jack</description>
      <docs>~</docs>
      <footprints>
        <fp>BarrelJack*</fp>
      </footprints>
      <fields>
        <field name="Reference">J</field>
        <field name="Value">Barrel_Jack</field>
        <field name="Datasheet">~</field>
      </fields>
      <pins>
        <pin num="1" name="" type="passive"/>
        <pin num="2" name="" type="passive"/>
      </pins>
    </libpart>
    <libpart lib="Connector" part="Conn_01x02_Pin">
      <description>Generic connector, single row, 01x02, script generated</description>
      <docs>~</docs>
      <footprints>
        <fp>Connector*:*_1x??_*</fp>
      </footprints>
      <fields>
        <field name="Reference">J</field>
        <field name="Value">Conn_01x02_Pin</field>
        <field name="Datasheet">~</field>
      </fields>
      <pins>
        <pin num="1" name="Pin_1" type="passive"/>
        <pin num="2" name="Pin_2" type="passive"/>
      </pins>
    </libpart>
    <libpart lib="Connector" part="Conn_ARM_JTAG_SWD_10">
      <description>Cortex Debug Connector, standard ARM Cortex-M SWD and JTAG interface</description>
      <docs>http://infocenter.arm.com/help/topic/com.arm.doc.ddi0314h/DDI0314H_coresight_components_trm.pdf</docs>
      <footprints>
        <fp>PinHeader?2x05?P1.27mm*</fp>
      </footprints>
      <fields>
        <field name="Reference">J</field>
        <field name="Value">Conn_ARM_JTAG_SWD_10</field>
        <field name="Datasheet">http://infocenter.arm.com/help/topic/com.arm.doc.ddi0314h/DDI0314H_coresight_components_trm.pdf</field>
      </fields>
      <pins>
        <pin num="1" name="VTref" type="power_in"/>
        <pin num="2" name="SWDIO/TMS" type="bidirectional"/>
        <pin num="3" name="GND" type="power_in"/>
        <pin num="4" name="SWDCLK/TCK" type="output"/>
        <pin num="5" name="GND" type="passive"/>
        <pin num="6" name="SWO/TDO" type="input"/>
        <pin num="7" name="KEY" type="no_connect"/>
        <pin num="8" name="NC/TDI" type="output"/>
        <pin num="9" name="GNDDetect" type="passive"/>
        <pin num="10" name="~{RESET}" type="open_collector"/>
      </pins>
    </libpart>
    <libpart lib="Device" part="C">
      <description>Unpolarized capacitor</description>
      <docs>~</docs>
      <footprints>
        <fp>C_*</fp>
      </footprints>
      <fields>
        <field name="Reference">C</field>
        <field name="Value">C</field>
        <field name="Datasheet">~</field>
      </fields>
      <pins>
        <pin num="1" name="" type="passive"/>
        <pin num="2" name="" type="passive"/>
      </pins>
    </libpart>
    <libpart lib="Device" part="C_Polarized">
      <description>Polarized capacitor</description>
      <docs>~</docs>
      <footprints>
        <fp>CP_*</fp>
      </footprints>
      <fields>
        <field name="Reference">C</field>
        <field name="Value">C_Polarized</field>
        <field name="Datasheet">~</field>
      </fields>
      <pins>
        <pin num="1" name="" type="passive"/>
        <pin num="2" name="" type="passive"/>
      </pins>
    </libpart>
    <libpart lib="Device" part="L">
      <description>Inductor</description>
      <docs>~</docs>
      <footprints>
        <fp>Choke_*</fp>
        <fp>*Coil*</fp>
        <fp>Inductor_*</fp>
        <fp>L_*</fp>
      </footprints>
      <fields>
        <field name="Reference">L</field>
        <field name="Value">L</field>
        <field name="Datasheet">~</field>
      </fields>
      <pins>
        <pin num="1" name="1" type="passive"/>
        <pin num="2" name="2" type="passive"/>
      </pins>
    </libpart>
    <libpart lib="Device" part="LED">
      <description>Light emitting diode</description>
      <docs>~</docs>
      <footprints>
        <fp>LED*</fp>
        <fp>LED_SMD:*</fp>
        <fp>LED_THT:*</fp>
      </footprints>
      <fields>
        <field name="Reference">D</field>
        <field name="Value">LED</field>
        <field name="Datasheet">~</field>
      </fields>
      <pins>
        <pin num="1" name="K" type="passive"/>
        <pin num="2" name="A" type="passive"/>
      </pins>
    </libpart>
    <libpart lib="Device" part="R">
      <description>Resistor</description>
      <docs>~</docs>
      <footprints>
        <fp>R_*</fp>
      </footprints>
      <fields>
        <field name="Reference">R</field>
        <field name="Value">R</field>
        <field name="Datasheet">~</field>
      </fields>
      <pins>
        <pin num="1" name="" type="passive"/>
        <pin num="2" name="" type="passive"/>
      </pins>
    </libpart>
    <libpart lib="ESDS304" part="ESDS304DBVR">
      <fields>
        <field name="Reference">U</field>
        <field name="Value">ESDS304DBVR</field>
        <field name="Footprint">ESDS304DBVR:SOT95P280X145-5N</field>
        <field name="MF">Texas Instruments</field>
        <field name="Purchase-URL">https://www.snapeda.com/api/url_track_click_mouser/?unipart_id=3215782&amp;manufacturer=Texas Instruments&amp;part_name=ESDS304DBVR&amp;search_term=esds304dbvr</field>
        <field name="Package">SOT-23-5 Texas Instruments</field>
        <field name="SnapEDA_Link">https://www.snapeda.com/parts/ESDS304DBVR/Texas+Instruments/view-part/?ref=snap</field>
        <field name="MP">ESDS304DBVR</field>
        <field name="Description">
Quad 2.3-pF, 3.6-V, ±30-kV ESD protection diode with 12-A 8/20-uS surge rating for USB and Ethernet
</field>
        <field name="Check_prices">https://www.snapeda.com/parts/ESDS304DBVR/Texas+Instruments/view-part/?ref=eda</field>
      </fields>
      <pins>
        <pin num="1" name="I/O1" type="bidirectional"/>
        <pin num="2" name="GND" type="power_in"/>
        <pin num="3" name="I/O2" type="bidirectional"/>
        <pin num="4" name="I/O3" type="bidirectional"/>
        <pin num="5" name="I/O4" type="bidirectional"/>
      </pins>
    </libpart>
    <libpart lib="NRF52832-QFAA-R" part="NRF52832-QFAA-R">
      <fields>
        <field name="Reference">U</field>
        <field name="Value">NRF52832-QFAA-R</field>
        <field name="Footprint">NRF52832-QFAA-R:QFN40P600X600X90-49N</field>
        <field name="MF">Nordic</field>
        <field name="Description">
IC RF TxRx + MCU Bluetooth, General ISM &gt; 1GHz ANT, Bluetooth v5.0 2.4GHz 48-VFQFN Exposed Pad
</field>
        <field name="Package">VFQFN-48 Nordic Semiconductor</field>
        <field name="Price">None</field>
        <field name="Check_prices">https://www.snapeda.com/parts/NRF52832-QFAA-R/Nordic+Semiconductor+ASA/view-part/?ref=eda</field>
        <field name="SnapEDA_Link">https://www.snapeda.com/parts/NRF52832-QFAA-R/Nordic+Semiconductor+ASA/view-part/?ref=snap</field>
        <field name="MP">NRF52832-QFAA-R</field>
        <field name="Purchase-URL">https://www.snapeda.com/api/url_track_click_mouser/?unipart_id=279951&amp;manufacturer=Nordic&amp;part_name=NRF52832-QFAA-R&amp;search_term=None</field>
        <field name="Availability">In Stock</field>
        <field name="MANUFACTURER">Nordic Semiconductor</field>
      </fields>
      <pins>
        <pin num="1" name="DEC1" type="power_in"/>
        <pin num="2" name="P0.00" type="bidirectional"/>
        <pin num="3" name="P0.01" type="bidirectional"/>
        <pin num="4" name="P0.02" type="bidirectional"/>
        <pin num="5" name="P0.03" type="bidirectional"/>
        <pin num="6" name="P0.04" type="bidirectional"/>
        <pin num="7" name="P0.05" type="bidirectional"/>
        <pin num="8" name="P0.06" type="bidirectional"/>
        <pin num="9" name="P0.07" type="bidirectional"/>
        <pin num="10" name="P0.08" type="bidirectional"/>
        <pin num="11" name="P0.09" type="bidirectional"/>
        <pin num="12" name="P0.10" type="bidirectional"/>
        <pin num="13" name="VDD1" type="power_in"/>
        <pin num="14" name="P0.11" type="bidirectional"/>
        <pin num="15" name="P0.12" type="bidirectional"/>
        <pin num="16" name="P0.13" type="bidirectional"/>
        <pin num="17" name="P0.14" type="bidirectional"/>
        <pin num="18" name="P0.15" type="bidirectional"/>
        <pin num="19" name="P0.16" type="bidirectional"/>
        <pin num="20" name="P0.17" type="bidirectional"/>
        <pin num="21" name="P0.18" type="bidirectional"/>
        <pin num="22" name="P0.19" type="bidirectional"/>
        <pin num="23" name="P0.20" type="bidirectional"/>
        <pin num="24" name="P0.21" type="bidirectional"/>
        <pin num="25" name="SWDCLK" type="input"/>
        <pin num="26" name="SWDIO" type="bidirectional"/>
        <pin num="27" name="P0.22" type="bidirectional"/>
        <pin num="28" name="P0.23" type="bidirectional"/>
        <pin num="29" name="P0.24" type="bidirectional"/>
        <pin num="30" name="ANT" type="passive"/>
        <pin num="31" name="VSS1" type="power_in"/>
        <pin num="32" name="DEC2" type="power_in"/>
        <pin num="33" name="DEC3" type="power_in"/>
        <pin num="34" name="XC1" type="input"/>
        <pin num="35" name="XC2" type="output"/>
        <pin num="36" name="VDD2" type="power_in"/>
        <pin num="37" name="P0.25" type="bidirectional"/>
        <pin num="38" name="P0.26" type="bidirectional"/>
        <pin num="39" name="P0.27" type="bidirectional"/>
        <pin num="40" name="P0.28" type="bidirectional"/>
        <pin num="41" name="P0.29" type="bidirectional"/>
        <pin num="42" name="P0.30" type="bidirectional"/>
        <pin num="43" name="P0.31" type="bidirectional"/>
        <pin num="45" name="VSS2" type="power_in"/>
        <pin num="46" name="DEC4" type="power_in"/>
        <pin num="47" name="DCC" type="power_in"/>
        <pin num="48" name="VDD3" type="power_in"/>
        <pin num="49" name="EXP" type="power_in"/>
      </pins>
    </libpart>
    <libpart lib="Regulator_Linear" part="AMS1117-3.3">
      <description>1A Low Dropout regulator, positive, 3.3V fixed output, SOT-223</description>
      <docs>http://www.advanced-monolithic.com/pdf/ds1117.pdf</docs>
      <footprints>
        <fp>SOT?223*TabPin2*</fp>
      </footprints>
      <fields>
        <field name="Reference">U</field>
        <field name="Value">AMS1117-3.3</field>
        <field name="Footprint">Package_TO_SOT_SMD:SOT-223-3_TabPin2</field>
        <field name="Datasheet">http://www.advanced-monolithic.com/pdf/ds1117.pdf</field>
      </fields>
      <pins>
        <pin num="1" name="GND" type="power_in"/>
        <pin num="2" name="VO" type="power_out"/>
        <pin num="3" name="VI" type="power_in"/>
      </pins>
    </libpart>
    <libpart lib="SIM8051" part="SIM8051-6-0-14-01-X-REVD">
      <fields>
        <field name="Reference">J</field>
        <field name="Value">SIM8051-6-0-14-01-X-REVD</field>
        <field name="Footprint">SIM8051-6-0-14-01-X-REVD:GCT_SIM8051-6-0-14-01-X-REVD</field>
        <field name="MF">Global Connector Technology</field>
        <field name="Description">
6 Position Card Connector NANO SIM Surface Mount, Right Angle Gold, Without switch, 1.35mm profile, Push-Pull, 4FF Sim card type, low cost, high mating cycle
</field>
        <field name="Package">None</field>
        <field name="Price">None</field>
        <field name="Check_prices">https://www.snapeda.com/parts/SIM8051-6-0-14-01-A/Global+Connector+Technology/view-part/?ref=eda</field>
        <field name="SnapEDA_Link">https://www.snapeda.com/parts/SIM8051-6-0-14-01-A/Global+Connector+Technology/view-part/?ref=snap</field>
        <field name="MP">SIM8051-6-0-14-01-A</field>
        <field name="Availability">In Stock</field>
        <field name="MANUFACTURER">GCT</field>
      </fields>
      <pins>
        <pin num="C1" name="VCC" type="power_in"/>
        <pin num="C2" name="RST" type="input"/>
        <pin num="C3" name="CLK" type="input"/>
        <pin num="C5" name="GND" type="power_in"/>
        <pin num="C6" name="VPP" type="power_in"/>
        <pin num="C7" name="I/O" type="bidirectional"/>
      </pins>
    </libpart>
    <libpart lib="SMA_CONNECTOR" part="SMA_CONNECTOR">
      <fields>
        <field name="Reference">J</field>
        <field name="Value">SMA_CONNECTOR</field>
        <field name="Footprint">SMA_CONNECTOR:LPRS_SMA_CONNECTOR</field>
        <field name="MF">LPRS</field>
        <field name="MAXIMUM_PACKAGE_HEIGHT">8.3 mm</field>
        <field name="Package">None</field>
        <field name="Price">None</field>
        <field name="Check_prices">https://www.snapeda.com/parts/SMA%20CONNECTOR/LPRS/view-part/?ref=eda</field>
        <field name="STANDARD">Manufacturer Recommendations</field>
        <field name="PARTREV">1.3</field>
        <field name="SnapEDA_Link">https://www.snapeda.com/parts/SMA%20CONNECTOR/LPRS/view-part/?ref=snap</field>
        <field name="MP">SMA CONNECTOR</field>
        <field name="Description">
RF Coaxial Straight SMA Connector
</field>
        <field name="Availability">In Stock</field>
        <field name="MANUFACTURER">LPRS</field>
      </fields>
      <pins>
        <pin num="1" name="" type="passive"/>
        <pin num="G1" name="" type="passive"/>
        <pin num="G2" name="" type="passive"/>
        <pin num="G3" name="" type="passive"/>
        <pin num="G4" name="" type="passive"/>
      </pins>
    </libpart>
  </libparts>
  <libraries>
    <library logical="1049P">
      <uri>C:\Users\gheys\OneDrive - KU Leuven\Documents\GitHub\Central\PCB_Design\Central_pcb/project_libaries/project-symbols/1049.kicad_sym</uri>
    </library>
    <library logical="10K NTC">
      <uri>C:\Users\gheys\OneDrive - KU Leuven\Documents\GitHub\Central\PCB_Design\Central_pcb/project_libaries/project-symbols/NTCG103JF103FT1.kicad_sym</uri>
    </library>
    <library logical="32Mhz crystal">
      <uri>C:\Users\gheys\OneDrive - KU Leuven\Documents\GitHub\Central\PCB_Design\Central_pcb/project_libaries/project-symbols/CX2016DB32000D0WZRC1.kicad_sym</uri>
    </library>
    <library logical="BC660">
      <uri>C:\Users\gheys\OneDrive - KU Leuven\Documents\GitHub\Central\PCB_Design\Central_pcb/project_libaries/project-symbols/BC660K-GL.kicad_sym</uri>
    </library>
    <library logical="BQ25171">
      <uri>C:\Users\gheys\OneDrive - KU Leuven\Documents\GitHub\Central\PCB_Design\Central_pcb/project_libaries/project-symbols/BQ25171.kicad_sym</uri>
    </library>
    <library logical="Connector">
      <uri>C:\Program Files\KiCad\7.0\share\kicad\symbols\/Connector.kicad_sym</uri>
    </library>
    <library logical="Device">
      <uri>C:\Program Files\KiCad\7.0\share\kicad\symbols\/Device.kicad_sym</uri>
    </library>
    <library logical="ESDS304">
      <uri>C:\Users\gheys\OneDrive - KU Leuven\Documents\GitHub\Central\PCB_Design\Central_pcb/project_libaries/project-symbols/ESDS304DBVR.kicad_sym</uri>
    </library>
    <library logical="NRF52832-QFAA-R">
      <uri>C:/Users/gheys/Downloads/NRF52832-QFAA-R/NRF52832-QFAA-R.kicad_sym</uri>
    </library>
    <library logical="Regulator_Linear">
      <uri>C:\Program Files\KiCad\7.0\share\kicad\symbols\/Regulator_Linear.kicad_sym</uri>
    </library>
    <library logical="SIM8051">
      <uri>C:\Users\gheys\OneDrive - KU Leuven\Documents\GitHub\Central\PCB_Design\Central_pcb/project_libaries/project-symbols/SIM8051-6-0-14-01-X-REVD.kicad_sym</uri>
    </library>
    <library logical="SMA_CONNECTOR">
      <uri>C:/Users/gheys/Downloads/SMA_CONNECTOR/SMA_CONNECTOR.kicad_sym</uri>
    </library>
  </libraries>
  <nets>
    <net code="1" name="+3.3V">
      <node ref="C12" pin="2" pintype="passive"/>
      <node ref="C13" pin="1" pintype="passive"/>
      <node ref="C14" pin="2" pintype="passive"/>
      <node ref="C15" pin="2" pintype="passive"/>
      <node ref="C16" pin="2" pintype="passive"/>
      <node ref="C17" pin="2" pintype="passive"/>
      <node ref="C4" pin="1" pintype="passive"/>
      <node ref="C7" pin="2" pintype="passive"/>
      <node ref="C9" pin="1" pintype="passive"/>
      <node ref="J1" pin="1" pinfunction="VTref" pintype="power_in"/>
      <node ref="R3" pin="2" pintype="passive"/>
      <node ref="R4" pin="2" pintype="passive"/>
      <node ref="U1" pin="13" pinfunction="VDD1" pintype="power_in"/>
      <node ref="U1" pin="36" pinfunction="VDD2" pintype="power_in"/>
      <node ref="U1" pin="48" pinfunction="VDD3" pintype="power_in"/>
      <node ref="U3" pin="2" pinfunction="VO" pintype="power_out"/>
      <node ref="U4" pin="42" pinfunction="VBAT" pintype="power_in"/>
      <node ref="U4" pin="43" pinfunction="VBAT" pintype="power_in"/>
    </net>
    <net code="2" name="BOOT_BC660">
      <node ref="U1" pin="10" pinfunction="P0.08" pintype="bidirectional"/>
      <node ref="U4" pin="7" pinfunction="~{BOOT}" pintype="input"/>
    </net>
    <net code="3" name="CE_BQ25171">
      <node ref="U2" pin="3" pinfunction="/CE" pintype="unspecified"/>
    </net>
    <net code="4" name="GND">
      <node ref="BT1" pin="N1" pintype="passive"/>
      <node ref="C1" pin="1" pintype="passive"/>
      <node ref="C10" pin="2" pintype="passive"/>
      <node ref="C11" pin="2" pintype="passive"/>
      <node ref="C12" pin="1" pintype="passive"/>
      <node ref="C13" pin="2" pintype="passive"/>
      <node ref="C14" pin="1" pintype="passive"/>
      <node ref="C15" pin="1" pintype="passive"/>
      <node ref="C16" pin="1" pintype="passive"/>
      <node ref="C17" pin="1" pintype="passive"/>
      <node ref="C18" pin="2" pintype="passive"/>
      <node ref="C19" pin="2" pintype="passive"/>
      <node ref="C2" pin="1" pintype="passive"/>
      <node ref="C20" pin="2" pintype="passive"/>
      <node ref="C21" pin="2" pintype="passive"/>
      <node ref="C3" pin="1" pintype="passive"/>
      <node ref="C4" pin="2" pintype="passive"/>
      <node ref="C5" pin="2" pintype="passive"/>
      <node ref="C6" pin="2" pintype="passive"/>
      <node ref="C7" pin="1" pintype="passive"/>
      <node ref="C8" pin="2" pintype="passive"/>
      <node ref="C9" pin="2" pintype="passive"/>
      <node ref="J1" pin="3" pinfunction="GND" pintype="power_in"/>
      <node ref="J1" pin="5" pinfunction="GND" pintype="passive"/>
      <node ref="J1" pin="9" pinfunction="GNDDetect" pintype="passive"/>
      <node ref="J2" pin="2" pintype="passive"/>
      <node ref="J4" pin="G1" pintype="passive"/>
      <node ref="J4" pin="G2" pintype="passive"/>
      <node ref="J4" pin="G3" pintype="passive"/>
      <node ref="J4" pin="G4" pintype="passive"/>
      <node ref="R1" pin="2" pintype="passive"/>
      <node ref="R2" pin="2" pintype="passive"/>
      <node ref="R5" pin="2" pintype="passive"/>
      <node ref="RT1" pin="1" pintype="passive"/>
      <node ref="U1" pin="31" pinfunction="VSS1" pintype="power_in"/>
      <node ref="U1" pin="45" pinfunction="VSS2" pintype="power_in"/>
      <node ref="U2" pin="5" pinfunction="GND" pintype="unspecified"/>
      <node ref="U3" pin="1" pinfunction="GND" pintype="power_in"/>
      <node ref="U4" pin="1" pinfunction="GND" pintype="power_in"/>
      <node ref="U4" pin="27" pinfunction="GND" pintype="power_in"/>
      <node ref="U4" pin="34" pinfunction="GND" pintype="power_in"/>
      <node ref="U4" pin="36" pinfunction="GND" pintype="power_in"/>
      <node ref="U4" pin="37" pinfunction="GND" pintype="power_in"/>
      <node ref="U4" pin="40" pinfunction="GND" pintype="power_in"/>
      <node ref="U4" pin="41" pinfunction="GND" pintype="power_in"/>
      <node ref="U4" pin="52" pinfunction="VIO_SEL" pintype="input"/>
      <node ref="U4" pin="56" pinfunction="GND" pintype="power_in"/>
      <node ref="U4" pin="57" pinfunction="GND" pintype="power_in"/>
      <node ref="U4" pin="58" pinfunction="GND" pintype="power_in"/>
      <node ref="U5" pin="2" pinfunction="GND" pintype="power_in"/>
      <node ref="Y1" pin="2" pintype="power_in"/>
    </net>
    <net code="5" name="Net-(BT1-PadN2)">
      <node ref="BT1" pin="N2" pintype="passive"/>
      <node ref="BT1" pin="P1" pintype="passive"/>
    </net>
    <net code="6" name="Net-(D1-A)">
      <node ref="D1" pin="2" pinfunction="A" pintype="passive"/>
      <node ref="R3" pin="1" pintype="passive"/>
    </net>
    <net code="7" name="Net-(D1-K)">
      <node ref="D1" pin="1" pinfunction="K" pintype="passive"/>
      <node ref="U2" pin="7" pinfunction="STAT1" pintype="unspecified"/>
    </net>
    <net code="8" name="Net-(D2-A)">
      <node ref="D2" pin="2" pinfunction="A" pintype="passive"/>
      <node ref="R4" pin="1" pintype="passive"/>
    </net>
    <net code="9" name="Net-(D2-K)">
      <node ref="D2" pin="1" pinfunction="K" pintype="passive"/>
      <node ref="U2" pin="8" pinfunction="STAT2" pintype="unspecified"/>
    </net>
    <net code="10" name="Net-(J1-SWDCLK{slash}TCK)">
      <node ref="J1" pin="4" pinfunction="SWDCLK/TCK" pintype="output"/>
      <node ref="U1" pin="25" pinfunction="SWDCLK" pintype="input"/>
    </net>
    <net code="11" name="Net-(J1-SWDIO{slash}TMS)">
      <node ref="J1" pin="2" pinfunction="SWDIO/TMS" pintype="bidirectional"/>
      <node ref="U1" pin="26" pinfunction="SWDIO" pintype="bidirectional"/>
    </net>
    <net code="12" name="Net-(J3-Pin_1)">
      <node ref="J3" pin="1" pinfunction="Pin_1" pintype="passive"/>
      <node ref="R7" pin="1" pintype="passive"/>
    </net>
    <net code="13" name="Net-(J3-Pin_2)">
      <node ref="J3" pin="2" pinfunction="Pin_2" pintype="passive"/>
      <node ref="R9" pin="1" pintype="passive"/>
    </net>
    <net code="14" name="Net-(J5-CLK)">
      <node ref="J5" pin="C3" pinfunction="CLK" pintype="input"/>
      <node ref="R13" pin="2" pintype="passive"/>
    </net>
    <net code="15" name="Net-(J5-GND)">
      <node ref="C22" pin="1" pintype="passive"/>
      <node ref="J5" pin="C5" pinfunction="GND" pintype="power_in"/>
      <node ref="U4" pin="10" pinfunction="USIM_GND" pintype="power_in"/>
    </net>
    <net code="16" name="Net-(J5-I{slash}O)">
      <node ref="J5" pin="C7" pinfunction="I/O" pintype="bidirectional"/>
      <node ref="R11" pin="2" pintype="passive"/>
      <node ref="R14" pin="2" pintype="passive"/>
    </net>
    <net code="17" name="Net-(J5-RST)">
      <node ref="J5" pin="C2" pinfunction="RST" pintype="input"/>
      <node ref="R12" pin="2" pintype="passive"/>
    </net>
    <net code="18" name="Net-(J5-VCC)">
      <node ref="C18" pin="1" pintype="passive"/>
      <node ref="C22" pin="2" pintype="passive"/>
      <node ref="J5" pin="C1" pinfunction="VCC" pintype="power_in"/>
      <node ref="R14" pin="1" pintype="passive"/>
      <node ref="U4" pin="14" pinfunction="USIM_VDD" pintype="power_in"/>
      <node ref="U5" pin="1" pinfunction="I/O1" pintype="bidirectional"/>
    </net>
    <net code="19" name="Net-(U1-ANT)">
      <node ref="C3" pin="2" pintype="passive"/>
      <node ref="L1" pin="1" pinfunction="1" pintype="passive"/>
      <node ref="U1" pin="30" pinfunction="ANT" pintype="passive"/>
    </net>
    <net code="20" name="Net-(U1-DEC1)">
      <node ref="C8" pin="1" pintype="passive"/>
      <node ref="U1" pin="1" pinfunction="DEC1" pintype="power_in"/>
    </net>
    <net code="21" name="Net-(U1-DEC3)">
      <node ref="C6" pin="1" pintype="passive"/>
      <node ref="U1" pin="33" pinfunction="DEC3" pintype="power_in"/>
    </net>
    <net code="22" name="Net-(U1-DEC4)">
      <node ref="C5" pin="1" pintype="passive"/>
      <node ref="U1" pin="46" pinfunction="DEC4" pintype="power_in"/>
    </net>
    <net code="23" name="Net-(U1-XC1)">
      <node ref="C1" pin="2" pintype="passive"/>
      <node ref="U1" pin="34" pinfunction="XC1" pintype="input"/>
      <node ref="Y1" pin="1" pintype="passive"/>
    </net>
    <net code="24" name="Net-(U2-CHM_TMP)">
      <node ref="R2" pin="1" pintype="passive"/>
      <node ref="U2" pin="6" pinfunction="CHM_TMP" pintype="unspecified"/>
    </net>
    <net code="25" name="Net-(U2-IN)">
      <node ref="C10" pin="1" pintype="passive"/>
      <node ref="J2" pin="1" pintype="passive"/>
      <node ref="U2" pin="1" pinfunction="IN" pintype="unspecified"/>
    </net>
    <net code="26" name="Net-(U2-ISET)">
      <node ref="R1" pin="1" pintype="passive"/>
      <node ref="U2" pin="2" pinfunction="ISET" pintype="unspecified"/>
    </net>
    <net code="27" name="Net-(U2-OUT)">
      <node ref="BT1" pin="P2" pintype="passive"/>
      <node ref="C11" pin="1" pintype="passive"/>
      <node ref="U2" pin="10" pinfunction="OUT" pintype="unspecified"/>
      <node ref="U3" pin="3" pinfunction="VI" pintype="power_in"/>
    </net>
    <net code="28" name="Net-(U2-TS)">
      <node ref="RT1" pin="2" pintype="passive"/>
      <node ref="U2" pin="4" pinfunction="TS" pintype="unspecified"/>
    </net>
    <net code="29" name="Net-(U2-VSET)">
      <node ref="R5" pin="1" pintype="passive"/>
      <node ref="U2" pin="9" pinfunction="VSET" pintype="unspecified"/>
    </net>
    <net code="30" name="Net-(U4-ANT_RF)">
      <node ref="J4" pin="1" pintype="passive"/>
      <node ref="U4" pin="35" pinfunction="ANT_RF" pintype="bidirectional"/>
    </net>
    <net code="31" name="Net-(U4-DBG_RXD)">
      <node ref="R7" pin="2" pintype="passive"/>
      <node ref="U4" pin="38" pinfunction="DBG_RXD" pintype="input"/>
    </net>
    <net code="32" name="Net-(U4-DBG_TXD)">
      <node ref="R9" pin="2" pintype="passive"/>
      <node ref="U4" pin="39" pinfunction="DBG_TXD" pintype="output"/>
    </net>
    <net code="33" name="Net-(U4-MAIN_RXD)">
      <node ref="R8" pin="2" pintype="passive"/>
      <node ref="U4" pin="18" pinfunction="MAIN_RXD" pintype="input"/>
    </net>
    <net code="34" name="Net-(U4-MAIN_TXD)">
      <node ref="R6" pin="2" pintype="passive"/>
      <node ref="U4" pin="17" pinfunction="MAIN_TXD" pintype="output"/>
    </net>
    <net code="35" name="Net-(U4-RI)">
      <node ref="R10" pin="1" pintype="passive"/>
      <node ref="U4" pin="20" pinfunction="RI" pintype="output"/>
    </net>
    <net code="36" name="Net-(U4-USIM_CLK)">
      <node ref="C19" pin="1" pintype="passive"/>
      <node ref="R13" pin="1" pintype="passive"/>
      <node ref="U4" pin="13" pinfunction="USIM_CLK" pintype="output"/>
      <node ref="U5" pin="3" pinfunction="I/O2" pintype="bidirectional"/>
    </net>
    <net code="37" name="Net-(U4-USIM_DATA)">
      <node ref="C21" pin="1" pintype="passive"/>
      <node ref="R11" pin="1" pintype="passive"/>
      <node ref="U4" pin="11" pinfunction="USIM_DATA" pintype="bidirectional"/>
      <node ref="U5" pin="5" pinfunction="I/O4" pintype="bidirectional"/>
    </net>
    <net code="38" name="Net-(U4-USIM_RST)">
      <node ref="C20" pin="1" pintype="passive"/>
      <node ref="R12" pin="1" pintype="passive"/>
      <node ref="U4" pin="12" pinfunction="USIM_RST" pintype="output"/>
      <node ref="U5" pin="4" pinfunction="I/O3" pintype="bidirectional"/>
    </net>
    <net code="39" name="Nreset">
      <node ref="J1" pin="10" pinfunction="~{RESET}" pintype="open_collector"/>
      <node ref="U1" pin="24" pinfunction="P0.21" pintype="bidirectional"/>
    </net>
    <net code="40" name="PSM_EINT_BC660">
      <node ref="U1" pin="17" pinfunction="P0.14" pintype="bidirectional"/>
      <node ref="U4" pin="19" pinfunction="PSM_EINT" pintype="input"/>
    </net>
    <net code="41" name="RESET_BC660">
      <node ref="U1" pin="9" pinfunction="P0.07" pintype="bidirectional"/>
      <node ref="U4" pin="15" pinfunction="~{RESET}" pintype="input"/>
    </net>
    <net code="42" name="RF">
      <node ref="L1" pin="2" pinfunction="2" pintype="passive"/>
    </net>
    <net code="43" name="RI_BC660">
      <node ref="R10" pin="2" pintype="passive"/>
      <node ref="U1" pin="16" pinfunction="P0.13" pintype="bidirectional"/>
    </net>
    <net code="44" name="RXD_BC660">
      <node ref="R8" pin="1" pintype="passive"/>
      <node ref="U1" pin="14" pinfunction="P0.11" pintype="bidirectional"/>
    </net>
    <net code="45" name="SW0">
      <node ref="J1" pin="6" pinfunction="SWO/TDO" pintype="input"/>
      <node ref="U1" pin="21" pinfunction="P0.18" pintype="bidirectional"/>
    </net>
    <net code="46" name="TXD_BC660">
      <node ref="R6" pin="1" pintype="passive"/>
      <node ref="U1" pin="15" pinfunction="P0.12" pintype="bidirectional"/>
    </net>
    <net code="47" name="unconnected-(J1-KEY-Pad7)">
      <node ref="J1" pin="7" pinfunction="KEY" pintype="no_connect"/>
    </net>
    <net code="48" name="unconnected-(J1-NC{slash}TDI-Pad8)">
      <node ref="J1" pin="8" pinfunction="NC/TDI" pintype="output+no_connect"/>
    </net>
    <net code="49" name="unconnected-(J5-VPP-PadC6)">
      <node ref="J5" pin="C6" pinfunction="VPP" pintype="power_in+no_connect"/>
    </net>
    <net code="50" name="unconnected-(U1-DCC-Pad47)">
      <node ref="U1" pin="47" pinfunction="DCC" pintype="power_in"/>
    </net>
    <net code="51" name="unconnected-(U1-DEC2-Pad32)">
      <node ref="U1" pin="32" pinfunction="DEC2" pintype="power_in"/>
    </net>
    <net code="52" name="unconnected-(U1-EXP-Pad49)">
      <node ref="U1" pin="49" pinfunction="EXP" pintype="power_in"/>
    </net>
    <net code="53" name="unconnected-(U1-P0.00-Pad2)">
      <node ref="U1" pin="2" pinfunction="P0.00" pintype="bidirectional"/>
    </net>
    <net code="54" name="unconnected-(U1-P0.01-Pad3)">
      <node ref="U1" pin="3" pinfunction="P0.01" pintype="bidirectional"/>
    </net>
    <net code="55" name="unconnected-(U1-P0.02-Pad4)">
      <node ref="U1" pin="4" pinfunction="P0.02" pintype="bidirectional"/>
    </net>
    <net code="56" name="unconnected-(U1-P0.03-Pad5)">
      <node ref="U1" pin="5" pinfunction="P0.03" pintype="bidirectional"/>
    </net>
    <net code="57" name="unconnected-(U1-P0.04-Pad6)">
      <node ref="U1" pin="6" pinfunction="P0.04" pintype="bidirectional"/>
    </net>
    <net code="58" name="unconnected-(U1-P0.05-Pad7)">
      <node ref="U1" pin="7" pinfunction="P0.05" pintype="bidirectional"/>
    </net>
    <net code="59" name="unconnected-(U1-P0.06-Pad8)">
      <node ref="U1" pin="8" pinfunction="P0.06" pintype="bidirectional"/>
    </net>
    <net code="60" name="unconnected-(U1-P0.09-Pad11)">
      <node ref="U1" pin="11" pinfunction="P0.09" pintype="bidirectional"/>
    </net>
    <net code="61" name="unconnected-(U1-P0.10-Pad12)">
      <node ref="U1" pin="12" pinfunction="P0.10" pintype="bidirectional"/>
    </net>
    <net code="62" name="unconnected-(U1-P0.15-Pad18)">
      <node ref="U1" pin="18" pinfunction="P0.15" pintype="bidirectional"/>
    </net>
    <net code="63" name="unconnected-(U1-P0.16-Pad19)">
      <node ref="U1" pin="19" pinfunction="P0.16" pintype="bidirectional"/>
    </net>
    <net code="64" name="unconnected-(U1-P0.17-Pad20)">
      <node ref="U1" pin="20" pinfunction="P0.17" pintype="bidirectional"/>
    </net>
    <net code="65" name="unconnected-(U1-P0.19-Pad22)">
      <node ref="U1" pin="22" pinfunction="P0.19" pintype="bidirectional"/>
    </net>
    <net code="66" name="unconnected-(U1-P0.20-Pad23)">
      <node ref="U1" pin="23" pinfunction="P0.20" pintype="bidirectional"/>
    </net>
    <net code="67" name="unconnected-(U1-P0.22-Pad27)">
      <node ref="U1" pin="27" pinfunction="P0.22" pintype="bidirectional"/>
    </net>
    <net code="68" name="unconnected-(U1-P0.23-Pad28)">
      <node ref="U1" pin="28" pinfunction="P0.23" pintype="bidirectional"/>
    </net>
    <net code="69" name="unconnected-(U1-P0.24-Pad29)">
      <node ref="U1" pin="29" pinfunction="P0.24" pintype="bidirectional"/>
    </net>
    <net code="70" name="unconnected-(U1-P0.25-Pad37)">
      <node ref="U1" pin="37" pinfunction="P0.25" pintype="bidirectional"/>
    </net>
    <net code="71" name="unconnected-(U1-P0.26-Pad38)">
      <node ref="U1" pin="38" pinfunction="P0.26" pintype="bidirectional"/>
    </net>
    <net code="72" name="unconnected-(U1-P0.27-Pad39)">
      <node ref="U1" pin="39" pinfunction="P0.27" pintype="bidirectional"/>
    </net>
    <net code="73" name="unconnected-(U1-P0.28-Pad40)">
      <node ref="U1" pin="40" pinfunction="P0.28" pintype="bidirectional"/>
    </net>
    <net code="74" name="unconnected-(U1-P0.29-Pad41)">
      <node ref="U1" pin="41" pinfunction="P0.29" pintype="bidirectional"/>
    </net>
    <net code="75" name="unconnected-(U1-P0.30-Pad42)">
      <node ref="U1" pin="42" pinfunction="P0.30" pintype="bidirectional"/>
    </net>
    <net code="76" name="unconnected-(U1-P0.31-Pad43)">
      <node ref="U1" pin="43" pinfunction="P0.31" pintype="bidirectional"/>
    </net>
    <net code="77" name="unconnected-(U2-Pad11)">
      <node ref="U2" pin="11" pinfunction="11" pintype="unspecified+no_connect"/>
    </net>
    <net code="78" name="unconnected-(U4-ADC0-Pad9)">
      <node ref="U4" pin="9" pinfunction="ADC0" pintype="input+no_connect"/>
    </net>
    <net code="79" name="unconnected-(U4-GPIO1-Pad3)">
      <node ref="U4" pin="3" pinfunction="GPIO1" pintype="bidirectional+no_connect"/>
    </net>
    <net code="80" name="unconnected-(U4-GPIO2-Pad4)">
      <node ref="U4" pin="4" pinfunction="GPIO2" pintype="bidirectional+no_connect"/>
    </net>
    <net code="81" name="unconnected-(U4-GPIO3-Pad5)">
      <node ref="U4" pin="5" pinfunction="GPIO3" pintype="bidirectional+no_connect"/>
    </net>
    <net code="82" name="unconnected-(U4-GPIO4-Pad6)">
      <node ref="U4" pin="6" pinfunction="GPIO4" pintype="bidirectional+no_connect"/>
    </net>
    <net code="83" name="unconnected-(U4-GRFC1-Pad54)">
      <node ref="U4" pin="54" pinfunction="GRFC1" pintype="output+no_connect"/>
    </net>
    <net code="84" name="unconnected-(U4-GRFC2-Pad55)">
      <node ref="U4" pin="55" pinfunction="GRFC2" pintype="output+no_connect"/>
    </net>
    <net code="85" name="unconnected-(U4-NETLIGHT-Pad16)">
      <node ref="U4" pin="16" pinfunction="NETLIGHT" pintype="output"/>
    </net>
    <net code="86" name="unconnected-(U4-RESERVED_1-Pad2)">
      <node ref="U4" pin="2" pinfunction="RESERVED_1" pintype="no_connect"/>
    </net>
    <net code="87" name="unconnected-(U4-RESERVED_1-Pad8)">
      <node ref="U4" pin="8" pinfunction="RESERVED_1" pintype="no_connect"/>
    </net>
    <net code="88" name="unconnected-(U4-RESERVED_1-Pad21)">
      <node ref="U4" pin="21" pinfunction="RESERVED_1" pintype="no_connect"/>
    </net>
    <net code="89" name="unconnected-(U4-RESERVED_1-Pad22)">
      <node ref="U4" pin="22" pinfunction="RESERVED_1" pintype="no_connect"/>
    </net>
    <net code="90" name="unconnected-(U4-RESERVED_1-Pad23)">
      <node ref="U4" pin="23" pinfunction="RESERVED_1" pintype="no_connect"/>
    </net>
    <net code="91" name="unconnected-(U4-RESERVED_1-Pad25)">
      <node ref="U4" pin="25" pinfunction="RESERVED_1" pintype="no_connect"/>
    </net>
    <net code="92" name="unconnected-(U4-RESERVED_1-Pad26)">
      <node ref="U4" pin="26" pinfunction="RESERVED_1" pintype="no_connect"/>
    </net>
    <net code="93" name="unconnected-(U4-RESERVED_1-Pad28)">
      <node ref="U4" pin="28" pinfunction="RESERVED_1" pintype="no_connect"/>
    </net>
    <net code="94" name="unconnected-(U4-RESERVED_1-Pad29)">
      <node ref="U4" pin="29" pinfunction="RESERVED_1" pintype="no_connect"/>
    </net>
    <net code="95" name="unconnected-(U4-RESERVED_1-Pad30)">
      <node ref="U4" pin="30" pinfunction="RESERVED_1" pintype="no_connect"/>
    </net>
    <net code="96" name="unconnected-(U4-RESERVED_1-Pad31)">
      <node ref="U4" pin="31" pinfunction="RESERVED_1" pintype="no_connect"/>
    </net>
    <net code="97" name="unconnected-(U4-RESERVED_1-Pad32)">
      <node ref="U4" pin="32" pinfunction="RESERVED_1" pintype="no_connect"/>
    </net>
    <net code="98" name="unconnected-(U4-RESERVED_1-Pad33)">
      <node ref="U4" pin="33" pinfunction="RESERVED_1" pintype="no_connect"/>
    </net>
    <net code="99" name="unconnected-(U4-RESERVED_1-Pad44)">
      <node ref="U4" pin="44" pinfunction="RESERVED_1" pintype="no_connect"/>
    </net>
    <net code="100" name="unconnected-(U4-RESERVED_1-Pad45)">
      <node ref="U4" pin="45" pinfunction="RESERVED_1" pintype="no_connect"/>
    </net>
    <net code="101" name="unconnected-(U4-RESERVED_2-Pad46)">
      <node ref="U4" pin="46" pinfunction="RESERVED_2" pintype="no_connect"/>
    </net>
    <net code="102" name="unconnected-(U4-RESERVED_2-Pad47)">
      <node ref="U4" pin="47" pinfunction="RESERVED_2" pintype="no_connect"/>
    </net>
    <net code="103" name="unconnected-(U4-RESERVED_2-Pad48)">
      <node ref="U4" pin="48" pinfunction="RESERVED_2" pintype="no_connect"/>
    </net>
    <net code="104" name="unconnected-(U4-RESERVED_2-Pad49)">
      <node ref="U4" pin="49" pinfunction="RESERVED_2" pintype="no_connect"/>
    </net>
    <net code="105" name="unconnected-(U4-RESERVED_2-Pad50)">
      <node ref="U4" pin="50" pinfunction="RESERVED_2" pintype="no_connect"/>
    </net>
    <net code="106" name="unconnected-(U4-RESERVED_2-Pad51)">
      <node ref="U4" pin="51" pinfunction="RESERVED_2" pintype="no_connect"/>
    </net>
    <net code="107" name="unconnected-(U4-RESERVED_2-Pad53)">
      <node ref="U4" pin="53" pinfunction="RESERVED_2" pintype="no_connect"/>
    </net>
    <net code="108" name="unconnected-(U4-VDD_EXT-Pad24)">
      <node ref="U4" pin="24" pinfunction="VDD_EXT" pintype="power_in+no_connect"/>
    </net>
    <net code="109" name="xc2">
      <node ref="C2" pin="2" pintype="passive"/>
      <node ref="U1" pin="35" pinfunction="XC2" pintype="output"/>
      <node ref="Y1" pin="3" pintype="passive"/>
    </net>
  </nets>
</export>
